BU_Level1,BU_Level2,BU_Level3,BU_Level4
"Рукоделие, творчество, хобби",Хобби детское,Моделирование,Модель для сборки
"Рукоделие, творчество, хобби",Хобби детское,Моделирование,"Аксессуары, принадлежности для сборных моделей"
"Детские товары, игрушки",Товары для детской комнаты,Декор для детской,Часы для детской комнаты
Канцелярские товары,Чертежные принадлежности,"Линейка, транспортир",Набор геометрический
"Парфюмерия, косметика",Парфюмерия,Парфюмерия для мужчин,Туалетная вода мужская
"Парфюмерия, косметика",Косметика для ухода за кожей,Средства для бритья мужские,Средство после бритья мужское
"Парфюмерия, косметика",Косметика для ухода за кожей,Средства для бритья мужские,Средство для бритья мужское
Спортивные товары и товары для активного отдыха,Туризм,"Приготовление пищи, посуда туристическая",Фляга для туризма
Галантерея,Бижутерия,Брелок бижу,Бижу брелок
Спортивные товары и товары для активного отдыха,Туризм,"Приготовление пищи, посуда туристическая","Посуда для туризма, пикника"
"Парфюмерия, косметика",Косметика для ухода за кожей,Уход за лицом и телом для мужчин,Средства для ухода за лицом и телом мужские
"Мебель, интерьер и декор",Авторская работа Хоум Декор,"Сувениры, подарки авторские",Серьги авторские
"Рукоделие, творчество, хобби",Хобби детское,Моделирование,Сборная деревянная модель
Спортивные товары и товары для активного отдыха,Туризм,"Мультитул, нож туристический",Мультитул
Канцелярские товары,Офисные и школьные канц. аксессуары,Глобус,Глобус для обучения
"Детские товары, игрушки",Спортивные товары для детей,Спортивный комплекс детский,Игрушка для песочницы
"Парфюмерия, косметика",Косметическая техника,Массажная техника,Электромассажер для тела
"Парфюмерия, косметика",Косметическая техника,Массажная техника,Электромассажер для глаз и головы
Канцелярские товары,Писче-бумажная продукция,Конверты,Конверт сувенир
Галантерея,Путешествия,"Дорожные сумки, тележки",Сумка для активного отдыха
Спортивные товары и товары для активного отдыха,Туризм,"Мультитул, нож туристический","Чехол для ножа, мультитула"
Спортивные товары и товары для активного отдыха,Туризм,"Приготовление пищи, посуда туристическая",Аккумулятор холода
Одежда,Одежда спортивная,Термобелье спортивное,"Термобелье мужское- кофта, футболка"
"Парфюмерия, косметика",Косметическая техника,Массажная техника,Массажная накидка
Одежда,"Домашняя одежда, ЧНИ, белье",Домашняя одежда мужская,Маска для сна
"Детские товары, игрушки",Спортивные товары для детей,"Снегокат, тюбинг, сноускейт, ледянка",Тюбинг
Одежда,Одежда спортивная,Термобелье спортивное,Термобелье мужское - штаны
Одежда,Одежда спортивная,Термобелье спортивное,Спортивные термоноски
"Рукоделие, творчество, хобби",Рукоделие и творчество для взрослых,Создание украшений,Аксессуары для создания украшений
Галантерея,Кожгалантереи,"Бумажник, портмоне, кошелек",Женский Кошелек
"Рукоделие, творчество, хобби",Хобби детское,Моделирование,Военно-историческая миниатюра
Спортивные товары и товары для активного отдыха,Всесезонные виды спорта,Бокс,Бинт для бокса
Спортивные товары и товары для активного отдыха,Всесезонные виды спорта,Бокс,"Лапы, макивара для бокса"
Спортивные товары и товары для активного отдыха,Всесезонные виды спорта,Бокс,Капа
Спортивные товары и товары для активного отдыха,Всесезонные виды спорта,Бокс,Перчатки для бокса
Спортивные товары и товары для активного отдыха,Всесезонные виды спорта,Бокс,"Груша, мешок, стойка для бокса"
Спортивные товары и товары для активного отдыха,Туризм,"Приготовление пищи, посуда туристическая","Жаровня, коптильня"
Канцелярские товары,Чертежные принадлежности,"Линейка, транспортир",Линейка
Канцелярские товары,Чертежные принадлежности,"Линейка, транспортир",Линейка-угольник
Спортивные товары и товары для активного отдыха,Всесезонные виды спорта,Футбол,Гетры футбольные
Электроника и электротовары,Игровые приставки и аксессуары,Геймпад для игровой приставки,Геймпад для игровой приставки
Галантерея,Кожгалантереи,"Ремень, пояс, подтяжки",Женский кожаный ремень
"Мебель, интерьер и декор",Авторская работа Хоум Декор,"Сувениры, подарки авторские","Кулон, подвеска авторские"
Одежда,Одежда спортивная,Термобелье спортивное,Термобелье мужское- комплект
"Детские товары, игрушки",Спортивные товары для детей,"Снегокат, тюбинг, сноускейт, ледянка",Ледянка
"Парфюмерия, косметика",Косметическая техника,Массажная техника,Массажная подушка
Галантерея,Бижутерия,Браслет бижу,Бижу браслет со вставками женский
Галантерея,Путешествия,"Дорожные сумки, тележки",Сумка дорожная для путешествий
Спортивные товары и товары для активного отдыха,Туризм,"Мультитул, нож туристический",Нож туристический
Спортивные товары и товары для активного отдыха,Туризм,"Приготовление пищи, посуда туристическая",Термос для туризма
Спортивные товары и товары для активного отдыха,Туризм,"Приготовление пищи, посуда туристическая","Термопосуда для туризма, пикника"
Спортивные товары и товары для активного отдыха,Туризм,"Приготовление пищи, посуда туристическая","Термоконтейнер, термосумка походная"
Галантерея,Бижутерия,Браслет бижу,Бижу шарм на браслет
Галантерея,Кожгалантереи,"Бумажник, портмоне, кошелек",Мужская Зажим для денежных банкнот
Галантерея,Кожгалантереи,"Бумажник, портмоне, кошелек",Мужское Портмоне
"Рукоделие, творчество, хобби",Рисование для детей,Товары для художников,Бумага для художников
Спортивные товары и товары для активного отдыха,Туризм,"Приготовление пищи, посуда туристическая","Горелка, плитка газовая туристическая"
Спортивные товары и товары для активного отдыха,Туризм,"Приготовление пищи, посуда туристическая","Столовые приборы для туризма, пикника"
Галантерея,Путешествия,"Дорожные сумки, тележки",Косметичка дорожная
"Рукоделие, творчество, хобби",Рукоделие и творчество для взрослых,Создание украшений,Материалы для создания украшений
Галантерея,Кожгалантереи,"Бумажник, портмоне, кошелек",Мужской Бумажник водителя
Спортивные товары и товары для активного отдыха,Всесезонные виды спорта,Футбол,Мяч для футбола
Спортивные товары и товары для активного отдыха,Всесезонные виды спорта,Футбол,Перчатки для футбола
Галантерея,Кожгалантереи,"Бумажник, портмоне, кошелек",Женская Визитница/кредитница
Канцелярские товары,Писче-бумажная продукция,"Бланки, этикетки",Бейдж
Канцелярские товары,Писче-бумажная продукция,"Бланки, этикетки",Держатель для бейджа
Одежда,Одежда спортивная,Термобелье спортивное,"Термобелье женское- кофта, футболка"
"Рукоделие, творчество, хобби",Рисование для детей,Товары для художников,Альбом для художников
Галантерея,Аксессуары,Головные уборы,Женская шапка трикотажная
Галантерея,Аксессуары,Головные уборы,Женский берет
Галантерея,Аксессуары,Головные уборы,Мужская шапка трикотажная
"Рукоделие, творчество, хобби",Рукоделие и творчество для взрослых,"Мозаика, гравюра, стразы",Набор для создания мозаики
"Рукоделие, творчество, хобби",Рукоделие и творчество для взрослых,"Мозаика, гравюра, стразы",Набор для создания картины со стразами
Одежда,Одежда мужская,Основная одежда мужская,Футболка мужская
Текстиль,"Покрывало, чехол",Чехол,Еврочехол
"Парфюмерия, косметика",Косметика для ухода за волосами,Стайлинг для мужчин,Воск для укладки мужской
"Детские товары, игрушки",Товары для детской комнаты,Диапроектор,Диафильм
Обувь,Обувь мужская,Обувь мужская летняя,Мужские Кеды
Электроника и электротовары,Фото и видео,Фотокамера,Компактная фотокамера
Продукты питания,Кондитерские изделия,"Зефир, пастила",Пастила
"Рукоделие, творчество, хобби",Рукоделие и творчество для детей,Выжигание для детей,Прибор для выжигания детский
"Рукоделие, творчество, хобби",Рукоделие и творчество для детей,Выжигание для детей,Набор для выжигания детский
Канцелярские товары,Писче-бумажная продукция,"Ежедневники, еженедельники, планнер",Ежедневник недатированный
"Парфюмерия, косметика",Косметика для ухода за кожей,Средства для бритья мужские,Средства и наборы для ухода за бородой
"Мебель, интерьер и декор",Авторская работа Хоум Декор,"Сувениры, подарки авторские",Открытка авторская
"Парфюмерия, косметика",Косметика для ухода за волосами,Стайлинг для мужчин,Пудра для волос мужская
"Парфюмерия, косметика",Косметика для ухода за волосами,Стайлинг для мужчин,Паста для волос мужская
"Парфюмерия, косметика",Косметика для ухода за волосами,Стайлинг для мужчин,Гель для укладки мужской
"Парфюмерия, косметика",Косметика для ухода за волосами,Стайлинг для мужчин,Жидкость для укладки мужская
"Парфюмерия, косметика",Декоративная косметика,Набор для макияжа,Набор для макияжа
"Детские товары, игрушки",Товары для детской комнаты,Декор для детской,Фотоальбом детский
Галантерея,Аксессуары,Головные уборы,Мужская бейсболка
Галантерея,Аксессуары,Головные уборы,Мужское кепи
"Мебель, интерьер и декор",Коллекционирование Хоум Декор,Аксессуары для коллекционирования,Аксессуары для коллекционирования монет
"Мебель, интерьер и декор",Коллекционирование Хоум Декор,Аксессуары для коллекционирования,"Аксессуары для коллекционирования банкнот, ценных бумаг"
Канцелярские товары,Чертежные принадлежности,"Линейка, транспортир",Транспортир
Обувь,Обувь мужская,Обувь мужская летняя,Мужское Сабо
Спортивные товары и товары для активного отдыха,Туризм,"Приготовление пищи, посуда туристическая","Зажигалка для туризма, огниво"
"Детские товары, игрушки",Товары для детской комнаты,Декор для детской,Декор настенный для детской
Галантерея,Аксессуары,Головные уборы,Женская шляпа
Продукты питания,Кондитерские изделия,Восточные сладости,Цукаты
Продукты питания,Кондитерские изделия,"Зефир, пастила",Зефир
"Парфюмерия, косметика",Косметическая техника,Массажная техника,Массажные коврики и механические массажеры
Канцелярские товары,Писче-бумажная продукция,"Бланки, этикетки","Бланк грамоты, диплома"
Галантерея,Кожгалантереи,"Бумажник, портмоне, кошелек",Женская Ключница
Галантерея,Кожгалантереи,"Бумажник, портмоне, кошелек","Сумка, конверт, чехол для документов"
Галантерея,Сумки,Сумка мужская,Мужская Сумка
"Детские товары, игрушки",Товары для здоровья беременных и кормящих,Предметы для здоровья беременных и кормящих,Подушка для беременных и кормящих
"Детские товары, игрушки",Товары для здоровья беременных и кормящих,Предметы для здоровья беременных и кормящих,Чехол на подушку для беременных и кормящих
"Детские товары, игрушки",Спортивные товары для детей,Товары для подвижных игр,Игрушка для подвижных игр
Электроника и электротовары,Фото и видео,Фотокамера,Фотокамера со сменным объективом
Одежда,Одежда мужская,Основная одежда мужская,Брюки мужские
Одежда,Одежда мужская,Основная одежда мужская,Рубашка мужская
"Детские товары, игрушки",Товары для детской комнаты,Диапроектор,Диапроектор
Продукты питания,Кондитерские изделия,Восточные сладости,Халва
Продукты питания,Кондитерские изделия,Восточные сладости,Рахат лукум
Одежда,Одежда мужская,Основная одежда мужская,Джемпер мужской
"Парфюмерия, косметика",Косметика для ухода за кожей,Набор косметики для ухода за кожей женский,Набор косметики для ухода за лицом женский
"Детские товары, игрушки",Спортивные товары для детей,Товары для подвижных игр,"Снежкометатель, снежный бластер"
Продукты питания,Кондитерские изделия,"Зефир, пастила",Маршмеллоу
Спортивные товары и товары для активного отдыха,Зимние виды спорта,Лыжный спорт,Ботинки лыжные
Спортивные товары и товары для активного отдыха,Зимние виды спорта,Лыжный спорт,"Чехол, сумка, рюкзак для лыж"
Спортивные товары и товары для активного отдыха,Зимние виды спорта,Лыжный спорт,"Смазка, парафин для лыж"
Спортивные товары и товары для активного отдыха,Зимние виды спорта,Лыжный спорт,Лыжи
Одежда,"Домашняя одежда, ЧНИ, белье",Домашняя одежда мужская,Комплект домашний мужской
Одежда,Одежда мужская,Основная одежда мужская,Джинсы мужские
Одежда,Одежда мужская,Основная одежда мужская,Шорты мужские
"Мебель, интерьер и декор",Коллекционирование Хоум Декор,Аксессуары для коллекционирования,Разное аксессуары для коллекционирования
Одежда,"Домашняя одежда, ЧНИ, белье",Домашняя одежда женская,Халат женский
Канцелярские товары,Писче-бумажная продукция,"Бланки, этикетки",Этикетка универсальная
Канцелярские товары,Писче-бумажная продукция,Конверты,"Конверт почтовый, деловой"
Одежда,Одежда мужская,Основная одежда мужская,Поло мужское
Спортивные товары и товары для активного отдыха,Всесезонные виды спорта,Футбол,Аксессуар для футбола
Канцелярские товары,Писче-бумажная продукция,"Бланки, этикетки",Лента для бейджа
"Парфюмерия, косметика",Косметика для ухода за кожей,Средства для бритья мужские,Набор средств для бритья мужской
Канцелярские товары,Писче-бумажная продукция,"Ежедневники, еженедельники, планнер","Планер, планинг"
Одежда,Одежда мужская,Основная одежда мужская,Пиджак мужской
"Парфюмерия, косметика",Косметика для ухода за волосами,Стайлинг для мужчин,Лак для волос мужской
"Парфюмерия, косметика",Косметика для ухода за волосами,Стайлинг для мужчин,Помада для укладки мужская
Спортивные товары и товары для активного отдыха,Туризм,"Приготовление пищи, посуда туристическая",Растопка для костра
Одежда,Одежда мужская,Основная одежда мужская,"Толстовка, свитшот мужские"
Канцелярские товары,Писче-бумажная продукция,"Ежедневники, еженедельники, планнер",Ежедневник датированный
Галантерея,Аксессуары,"Перчатки, варежки",Женские перчатки кожаные утепленные
Галантерея,Аксессуары,"Перчатки, варежки",Мужские варежки кожаные
Одежда,Одежда мужская,Основная одежда мужская,Водолазка мужская
"Мебель, интерьер и декор",Мебель,Компьютерная и офисная мебель,Кресло игровое
"Рукоделие, творчество, хобби",Хобби детское,Мозаика,Мозаика
Канцелярские товары,Писче-бумажная продукция,"Ежедневники, еженедельники, планнер",Еженедельник недатированный
Одежда,Одежда спортивная,Термобелье спортивное,Термобелье женское - штаны
Одежда,Одежда мужская,Основная одежда мужская,Кардиган мужской
Галантерея,Аксессуары,"Перчатки, варежки",Мужские перчатки кожаные утепленные
Обувь,Обувь мужская,Тапочки мужские,"Мужские Тапочки, чешки"
Спортивные товары и товары для активного отдыха,Зимние виды спорта,Лыжный спорт,Аксессуары для лыж
Спортивные товары и товары для активного отдыха,Зимние виды спорта,Лыжный спорт,Крепления для лыж
Одежда,Одежда мужская,Основная одежда мужская,"Кофта, лонгслив мужские"
Канцелярские товары,Писче-бумажная продукция,"Ежедневники, еженедельники, планнер",Еженедельник датированный
Одежда,"Домашняя одежда, ЧНИ, белье",Домашняя одежда женская,"Пижама, ночная сорочка женская"
Спортивные товары и товары для активного отдыха,Всесезонные виды спорта,Футбол,Щитки футбольные
Спортивные товары и товары для активного отдыха,Зимние виды спорта,Лыжный спорт,Палки лыжные
"Парфюмерия, косметика",Парфюмерия,Парфюмерия для мужчин,Парфюмерная вода мужская
"Рукоделие, творчество, хобби",Рисование для детей,Товары для художников,Медиум
"Парфюмерия, косметика",Косметика для ухода за волосами,Стайлинг для мужчин,Мусс для волос мужской
"Мебель, интерьер и декор",Мебель,Компьютерная и офисная мебель,Компьютерные и офисные кресла
Продукты питания,Торты и пирожные (не кремовые),Торты (не кремовые),Торты (не кремовые)
Галантерея,Бижутерия,Браслет бижу,Бижу браслет детский
"Парфюмерия, косметика",Косметика для ухода за кожей,Уход за лицом и телом для мужчин,Наборы для ухода за лицом и телом мужские
Одежда,Одежда мужская,Основная одежда мужская,Комплект одежды мужской
Обувь,Обувь мужская,Обувь мужская летняя,Мужские Шлепанцы
Галантерея,Аксессуары,Головные уборы,Женская пляжная шляпа
Одежда,Одежда мужская,Основная одежда мужская,Майка мужская
Галантерея,Кожгалантереи,"Ремень, пояс, подтяжки",Женский кожаный пояс
"Рукоделие, творчество, хобби",Рисование для детей,Товары для художников,Маркеры для художников
Одежда,"Домашняя одежда, ЧНИ, белье",Домашняя одежда женская,Комплект домашний женский
Одежда,"Домашняя одежда, ЧНИ, белье",Домашняя одежда женская,"Платье, туника домашние"
Обувь,Обувь мужская,Обувь мужская летняя,Мужские Эспадрильи
Одежда,Одежда для беременных и кормящих,Основная одежда для беременных и кормящих,"Блуза, туника для беременных и кормящих"
"Парфюмерия, косметика",Косметика для ухода за кожей,Набор косметики для ухода за кожей женский,Набор косметики для ухода за телом женский
"Рукоделие, творчество, хобби",Рисование для детей,Товары для художников,Ручка для каллиграфии
Электроника и электротовары,Фото и видео,Фотокамера,Зеркальная фотокамера
Галантерея,Кожгалантереи,"Ремень, пояс, подтяжки",Мужские подтяжки
"Парфюмерия, косметика",Парфюмерия,Парфюмерия для мужчин,Одеколон мужской
Галантерея,Кожгалантереи,"Бумажник, портмоне, кошелек",Мужская Визитница/кредитница
Одежда,Одежда мужская,Основная одежда мужская,Свитер мужской
Спортивные товары и товары для активного отдыха,Зимние виды спорта,Лыжный спорт,Лыжный комплект
"Детские товары, игрушки",Спортивные товары для детей,Товары для подвижных игр,Игрушка-попрыгун
"Детские товары, игрушки",Спортивные товары для детей,Спортивный комплекс детский,Домик игровой детский
Галантерея,Путешествия,"Дорожные сумки, тележки",Сумка дорожная на колесах для путешествий
Одежда,Одежда мужская,Основная одежда мужская,Жилет мужской
Галантерея,Аксессуары,"Перчатки, варежки",Мужские перчатки кожаные легкие
Галантерея,Аксессуары,Головные уборы,Бандана
"Детские товары, игрушки",Спортивные товары для детей,"Снегокат, тюбинг, сноускейт, ледянка",Снегокат
Галантерея,Бижутерия,Брелок бижу,Брелок для ключей бижу
"Мебель, интерьер и декор",Авторская работа Хоум Декор,"Сувениры, подарки авторские",Браслет авторский
"Парфюмерия, косметика",Косметика для ухода за кожей,Средства для бритья мужские,Аксессуар для ухода за бородой
"Мебель, интерьер и декор",Авторская работа Хоум Декор,"Сувениры, подарки авторские",Кольцо авторское
Галантерея,Аксессуары,Головные уборы,Женский комплект - головной убор + аксессуар
Ювелирные изделия,Серебро,Серьги серебро,Серебро серьги английский замок
Галантерея,Бижутерия,Браслет бижу,Бижу браслет незамкнутый женский
"Мебель, интерьер и декор",Авторская работа Хоум Декор,"Сувениры, подарки авторские","Бусы, колье, ожерелье авторское"
"Мебель, интерьер и декор",Авторская работа Хоум Декор,"Сувениры, подарки авторские",Магнит авторский
"Детские товары, игрушки",Спортивные товары для детей,Спортивный комплекс детский,Песочница
"Детские товары, игрушки",Спортивные товары для детей,Товары для подвижных игр,"Фингерборд, фингербайк"
"Парфюмерия, косметика",Парфюмерия,Парфюмерия для мужчин,Духи мужские
Канцелярские товары,Писче-бумажная продукция,"Ежедневники, еженедельники, планнер",Ежедневник детский
"Рукоделие, творчество, хобби",Рукоделие и творчество для взрослых,"Мозаика, гравюра, стразы",Гравюра
Галантерея,Бижутерия,Браслет бижу,Бижу браслет жесткий женский
Одежда,Одежда для беременных и кормящих,Домашняя одежда для беременных и кормящих,Костюм домашний для беременных и кормящих
Галантерея,Кожгалантереи,"Бумажник, портмоне, кошелек",Мужской Бумажник
Одежда,Одежда для беременных и кормящих,Домашняя одежда для беременных и кормящих,"Ночная сорочка, пижама для беременных и кормящих"
"Мебель, интерьер и декор",Авторская работа Хоум Декор,"Сувениры, подарки авторские","Разное, сувениры авторские"
"Детские товары, игрушки",Товары для здоровья беременных и кормящих,Предметы для здоровья беременных и кормящих,Сумка для мам
"Детские товары, игрушки",Спортивные товары для детей,Спортивный комплекс детский,"Палатка, тоннель игровые детские"
Одежда,Одежда для беременных и кормящих,Основная одежда для беременных и кормящих,"Платье, сарафан для беременных и кормящих"
Одежда,Одежда для беременных и кормящих,Основная одежда для беременных и кормящих,"Кофта, толстовка, водолазка для беременных"
Одежда,Одежда для беременных и кормящих,Основная одежда для беременных и кормящих,"Брюки, леггинсы, лосины для беременных"
Одежда,Одежда мужская,Основная одежда мужская,Пуловер мужской
Одежда,Одежда мужская,Основная одежда мужская,Жакет мужской
Спортивные товары и товары для активного отдыха,Зимние виды спорта,Лыжный спорт,Мини лыжи
"Детские товары, игрушки",Товары для детской комнаты,Декор для детской,Ростомер
Обувь,Обувь мужская,Обувь мужская летняя,Мужские Сандалии
"Парфюмерия, косметика",Косметические аксессуары,Парикмахерские принадлежности,Ножницы и бритвы парикмахерские
Спортивные товары и товары для активного отдыха,Всесезонные виды спорта,Футбол,Бутсы
Галантерея,Аксессуары,Головные уборы,Женская повязка на голову утепленная
Спортивные товары и товары для активного отдыха,Всесезонные виды спорта,Бокс,Шлем для бокса
Ювелирные изделия,Серебро,Серьги серебро,Серебро серьги длинные
Одежда,"Домашняя одежда, ЧНИ, белье",Домашняя одежда женская,"Брюки, шорты, леггинсы домашние женские"
Галантерея,Бижутерия,Браслет бижу,Бижу браслет с подвесками
"Детские товары, игрушки",Товары для детской комнаты,Декор для детской,"Шкатулка, копилка детская"
Продукты питания,Кондитерские изделия,Восточные сладости,Щербет
"Мебель, интерьер и декор",Авторская работа Хоум Декор,"Сувениры, подарки авторские",Колокольчик авторский
Галантерея,Сумки,Сумка мужская,Барсетка
"Детские товары, игрушки",Спортивные товары для детей,Спортивный комплекс детский,"Качели, качалка детские"
Обувь,Обувь мужская,Обувь мужская летняя,Мужские Мокасины
"Мебель, интерьер и декор",Авторская работа Хоум Декор,"Сувениры, подарки авторские",Игрушка авторская
"Мебель, интерьер и декор",Авторская работа Хоум Декор,"Сувениры, подарки авторские",Елочная игрушка авторская
Продукты питания,Кондитерские изделия,Восточные сладости,Нуга
Одежда,Одежда мужская,Основная одежда мужская,Блейзер мужской
"Мебель, интерьер и декор",Авторская работа Хоум Декор,"Сувениры, подарки авторские",Брелок авторский
Галантерея,Бижутерия,Браслет бижу,Бижу браслет из бусин
"Детские товары, игрушки",Товары для детской комнаты,Декор для детской,Фоторамка детская
Галантерея,Бижутерия,Браслет бижу,Бижу комплект браслетов женский
Спортивные товары и товары для активного отдыха,Всесезонные виды спорта,Бокс,Боксерки
Одежда,Одежда для беременных и кормящих,Основная одежда для беременных и кормящих,Комплект одежды для беременных и кормящих
Одежда,Одежда мужская,Основная одежда мужская,Костюм мужской
"Рукоделие, творчество, хобби",Рисование для детей,Товары для художников,Маркер для скетчинга
"Детские товары, игрушки",Товары для детской комнаты,Декор для детской,Аксессуары для декора детской
"Парфюмерия, косметика",Парфюмерия,Парфюмерия для мужчин,Парфюмерный набор мужской
"Парфюмерия, косметика",Косметические аксессуары,Парикмахерские принадлежности,"Зажимы, заколки, валики парикмахерские"
"Парфюмерия, косметика",Косметические аксессуары,Парикмахерские принадлежности,Прочие парикмахерские принадлежности
"Парфюмерия, косметика",Косметические аксессуары,Парикмахерские принадлежности,"Мерные емкости, распылители парикмахерские"
"Парфюмерия, косметика",Косметические аксессуары,Парикмахерские принадлежности,"Шапочки, пеньюары, палерины для парикмахерских"
"Парфюмерия, косметика",Косметические аксессуары,Парикмахерские принадлежности,"Перчатки, фартуки, халаты парикмахерские"
"Мебель, интерьер и декор",Мебель,Компьютерная и офисная мебель,Компьютерные и офисные столы
"Мебель, интерьер и декор",Мебель,Компьютерная и офисная мебель,Офисные тумбы
Галантерея,Бижутерия,Браслет бижу,Бижу браслет кожаный
Галантерея,Сумки,Сумка мужская,"Мужской Портфель, папка"
Ювелирные изделия,Серебро,Серьги серебро,Серебро серьги-пусеты
Галантерея,Аксессуары,Головные уборы,Женская панама
Галантерея,Бижутерия,Браслет бижу,Бижу браслет анклет (на ногу)
"Мебель, интерьер и декор",Авторская работа Хоум Декор,"Сувениры, подарки авторские",Упаковка авторская
"Мебель, интерьер и декор",Коллекционирование Хоум Декор,Аксессуары для коллекционирования,Аксессуары для коллекционирования марок
Спортивные товары и товары для активного отдыха,Всесезонные виды спорта,Бокс,"Майка, трусы боксерские"
Одежда,"Домашняя одежда, ЧНИ, белье",Домашняя одежда мужская,Халат мужской
"Детские товары, игрушки",Спортивные товары для детей,Спортивный комплекс детский,Спорткомплекс домашний детский
"Детские товары, игрушки",Спортивные товары для детей,Спортивный комплекс детский,Горка детская
Продукты питания,Бакалея,Пищевые материалы,Оболочка для колбас
Одежда,Одежда спортивная,Термобелье спортивное,Термобелье женское - комплект
Галантерея,Аксессуары,"Перчатки, варежки",Женские перчатки трикотажные
Одежда,"Домашняя одежда, ЧНИ, белье",Домашняя одежда женская,Лонгслив домашний женский
"Детские товары, игрушки",Спортивные товары для детей,Товары для подвижных игр,Рогатка игрушечная
"Мебель, интерьер и декор",Мебель,Компьютерная и офисная мебель,Парта
"Детские товары, игрушки",Спортивные товары для детей,Спортивный комплекс детский,Спорткомплекс для улицы детский
Ювелирные изделия,Серебро,Серьги серебро,Серебро серьги люстры
Галантерея,Бижутерия,Браслет бижу,Бижу браслет глидерный
"Детские товары, игрушки",Спортивные товары для детей,Спортивный комплекс детский,Спорткомплекс надувной детский
Одежда,"Домашняя одежда, ЧНИ, белье",Домашняя одежда мужская,"Брюки, шорты, леггинсы домашние мужские"
"Мебель, интерьер и декор",Авторская работа Хоум Декор,"Сувениры, подарки авторские",Брошь авторская
Галантерея,Кожгалантереи,"Ремень, пояс, подтяжки",Мужской кожаный ремень
"Мебель, интерьер и декор",Мебель,Компьютерная и офисная мебель,Игровые столы
Одежда,Одежда для беременных и кормящих,Домашняя одежда для беременных и кормящих,Халат для беременных и кормящих
Галантерея,Сумки,Сумка мужская,Мужская Сумка на пояс
"Мебель, интерьер и декор",Авторская работа Хоум Декор,"Сувениры, подарки авторские",Комплект украшений авторский
"Детские товары, игрушки",Спортивные товары для детей,Товары для подвижных игр,"Фрисби, планер"
"Детские товары, игрушки",Спортивные товары для детей,Товары для подвижных игр,Воздушный змей
Ювелирные изделия,Серебро,Серьги серебро,"Серебро серьги, клипсы детские"
Галантерея,Аксессуары,"Перчатки, варежки",Мужские перчатки авто
Одежда,Одежда для беременных и кормящих,Основная одежда для беременных и кормящих,"Джемпер, кардиган для беременных и кормящих"
Галантерея,Сумки,Сумка мужская,Мужская Сумка-планшет
Одежда,"Домашняя одежда, ЧНИ, белье",Домашняя одежда мужская,Пижама мужская
Продукты питания,Кондитерские изделия,Восточные сладости,Джезерье
Галантерея,Сумки,Сумка мужская,Мужская Сумка с ручками
"Рукоделие, творчество, хобби",Рисование для детей,Товары для художников,Держатель для пера
Ювелирные изделия,Серебро,Серьги серебро,Серебро серьги французский замок
Ювелирные изделия,Серебро,Серьги серебро,Серебро серьги протяжки
Одежда,"Домашняя одежда, ЧНИ, белье",Домашняя одежда мужская,Футболка домашняя мужская
Одежда,"Домашняя одежда, ЧНИ, белье",Домашняя одежда женская,Футболка домашняя женская
Одежда,"Домашняя одежда, ЧНИ, белье",Домашняя одежда мужская,Лонгслив домашний мужской
Одежда,"Домашняя одежда, ЧНИ, белье",Домашняя одежда мужская,Толстовка домашняя мужская
Ювелирные изделия,Серебро,Серьги серебро,Серебро серьги конго (кольца)
Ювелирные изделия,Серебро,Серьги серебро,Серебро серьга одиночная (моно) женская
Спортивные товары и товары для активного отдыха,Туризм,"Приготовление пищи, посуда туристическая","Газовая горелка с баллоном, баллон"
Продукты питания,Кондитерские изделия,Восточные сладости,Козинаки
Канцелярские товары,Писче-бумажная продукция,"Бланки, этикетки",Бланк бухгалтерский
Галантерея,Аксессуары,Головные уборы,Наушники зимние
Галантерея,Аксессуары,"Перчатки, варежки",Муфта
Галантерея,Бижутерия,Браслет бижу,Бижу браслет со вставками мужской
"Мебель, интерьер и декор",Авторская работа Хоум Декор,"Сувениры, подарки авторские",Запонки авторские
Канцелярские товары,Писче-бумажная продукция,"Ежедневники, еженедельники, планнер",Ежедневник будущей мамы
"Парфюмерия, косметика",Косметические аксессуары,Парикмахерские принадлежности,"Расчески, брашинги парикмахерские"
Одежда,Одежда для беременных и кормящих,Основная одежда для беременных и кормящих,Футболка для беременных
Спортивные товары и товары для активного отдыха,Всесезонные виды спорта,Футбол,Манишка для футбола
Ювелирные изделия,Серебро,Серьги серебро,Серебро серьги зажимы женские
"Мебель, интерьер и декор",Авторская работа Хоум Декор,"Сувениры, подарки авторские",Кукла авторская
"Мебель, интерьер и декор",Авторская работа Хоум Декор,"Сувениры, подарки авторские","Обложка, чехол авторские"
Одежда,"Домашняя одежда, ЧНИ, белье",Домашняя одежда женская,Толстовка домашняя женская
Галантерея,Путешествия,"Дорожные сумки, тележки",Бьюти-кейс дорожный
"Рукоделие, творчество, хобби",Рисование для детей,Товары для художников,Перо
"Рукоделие, творчество, хобби",Хобби детское,Моделирование,Дополнения для сборных моделей
"Парфюмерия, косметика",Косметика для ухода за волосами,Стайлинг для мужчин,Глина для укладки мужская
Галантерея,Путешествия,"Дорожные сумки, тележки",Портплед
"Мебель, интерьер и декор",Коллекционирование Хоум Декор,Аксессуары для коллекционирования,Капсула для монет
Ювелирные изделия,Серебро,Серьги серебро,Серебро серьга одиночная (моно) мужская
Галантерея,Кожгалантереи,"Бумажник, портмоне, кошелек",Мужская Ключница
Галантерея,Кожгалантереи,"Ремень, пояс, подтяжки",Женский текстильный пояс
"Мебель, интерьер и декор",Авторская работа Хоум Декор,"Сувениры, подарки авторские","Принт, плакат авторский"
"Детские товары, игрушки","Игрушки, игры, развивающие игры",Конструктор,Конструктор LEGO
"Детские товары, игрушки","Игрушки, игры, развивающие игры",Конструктор,Конструктор пластиковый
"Детские товары, игрушки","Игрушки, игры, развивающие игры",Конструктор,Конструктор мягкий
"Рукоделие, творчество, хобби",Рисование для детей,"Набор для рисования, росписи для детей",Набор для рисования детский
"Рукоделие, творчество, хобби",Рисование для детей,"Набор для рисования, росписи для детей",Набор для росписи детский
Программное обеспечение,Компьютерные и видеоигры,Видеоигры,Видеоигра
"Детские товары, игрушки","Игрушки, игры, развивающие игры",Конструктор,Конструктор бумажный
"Рукоделие, творчество, хобби",Хобби детское,Головоломка,Головоломка
"Рукоделие, творчество, хобби",Рукоделие и творчество для детей,"Набор для детского рукоделия, творчества","Набор для изготовления игрушки, куклы детский"
"Детские товары, игрушки","Игрушки, игры, развивающие игры",Фигурки,Фигурки и аксессуары
Книги,Календари,Календари,Календари
"Рукоделие, творчество, хобби",Рукоделие и творчество для детей,Лепка для детей,Лепка из пластилина для детей
"Мебель, интерьер и декор",Предмет интерьера,Принадлежности для нового года,Наклейки и трафареты новогодние
"Детские товары, игрушки","Игрушки, игры, развивающие игры",Радиоуправляемая игрушка,Модель автомобиля р/у
"Рукоделие, творчество, хобби",Хобби детское,"Научно-познавательные материалы, приборы","Набор для исследований, экспериментов"
"Рукоделие, творчество, хобби",Рукоделие и творчество для детей,"Набор для детского рукоделия, творчества",Набор развивающий для творчества детский
"Парфюмерия, косметика",Косметические средства для детей и беременных,Детская декоративная косметика,Лак для ногтей детский
"Парфюмерия, косметика",Косметические средства для детей и беременных,Детская декоративная косметика,Душистая вода детская
"Рукоделие, творчество, хобби",Рукоделие и творчество для детей,Лепка для детей,Лепка из глины для детей
"Рукоделие, творчество, хобби",Рукоделие и творчество для детей,"Набор для детского рукоделия, творчества",Набор для папье-маше детский
"Парфюмерия, косметика",Косметические средства для детей и беременных,Детская декоративная косметика,Блеск для губ детский
"Детские товары, игрушки","Игрушки, игры, развивающие игры",Конструктор,Конструктор деревянный
"Рукоделие, творчество, хобби",Рукоделие и творчество для детей,"Набор для детского рукоделия, творчества","Набор для аппликаций, коллажей детский"
"Детские товары, игрушки","Игрушки, игры, развивающие игры",Радиоуправляемая игрушка,Военная техника р/у
"Мебель, интерьер и декор",Предмет интерьера,Принадлежности для нового года,Елочное украшение новогоднее
"Мебель, интерьер и декор",Предмет интерьера,Принадлежности для нового года,Украшение новогоднее интерьерное
"Мебель, интерьер и декор",Предмет интерьера,Принадлежности для нового года,Шары елочные новогодние
"Мебель, интерьер и декор",Предмет интерьера,Принадлежности для нового года,Елка напольная новогодняя
"Мебель, интерьер и декор",Предмет интерьера,Принадлежности для нового года,Елка настольная новогодняя
"Рукоделие, творчество, хобби",Рукоделие и творчество для детей,Лепка для детей,Приспособление для лепки для детей
"Рукоделие, творчество, хобби",Рукоделие и творчество для детей,"Набор для детского рукоделия, творчества","Набор для создания украшений, аксессуаров детский"
"Детские товары, игрушки","Игрушки, игры, развивающие игры",Фигурки,Трансформер
"Детские товары, игрушки","Игрушки, игры, развивающие игры",Радиоуправляемая игрушка,Машинка р/у
Электроника и электротовары,Игровые приставки и аксессуары,Сумка для игровой приставки,Сумка для игровой приставки
"Детские товары, игрушки","Игрушки, игры, развивающие игры",Оружие игрушечное,Бластер
Электроника и электротовары,Игровые приставки и аксессуары,Игровая атрибутика,"Игровая атрибутика, фигурки персонажей"
"Мебель, интерьер и декор",Предмет интерьера,Принадлежности для нового года,Электрогирлянда новогодняя
"Мебель, интерьер и декор",Предмет интерьера,Принадлежности для нового года,Светящаяся фигура новогодняя
"Мебель, интерьер и декор",Предмет интерьера,Принадлежности для нового года,Мешок для подарков новогодний
"Мебель, интерьер и декор",Предмет интерьера,Принадлежности для нового года,"Мишура, дождик новогодние"
"Мебель, интерьер и декор",Предмет интерьера,Принадлежности для нового года,"Свеча, подсвечник новогодние"
"Мебель, интерьер и декор",Предмет интерьера,Принадлежности для нового года,"Костюм, колпак, грим, маска новогодние"
"Мебель, интерьер и декор",Предмет интерьера,Принадлежности для нового года,Гирлянда-растяжка новогодняя
"Мебель, интерьер и декор",Предмет интерьера,Принадлежности для нового года,Сувенир новогодний
"Рукоделие, творчество, хобби",Рукоделие и творчество для детей,"Набор для детского рукоделия, творчества",Набор для изготовления мыла детский
"Рукоделие, творчество, хобби",Рукоделие и творчество для детей,"Набор для детского рукоделия, творчества",Набор для создания различных поделок детский
"Детские товары, игрушки","Игрушки, игры, развивающие игры",Конструктор,Конструктор магнитный
"Рукоделие, творчество, хобби",Хобби детское,"Научно-познавательные материалы, приборы","Микроскоп, телескоп детский"
"Мебель, интерьер и декор",Предмет интерьера,Принадлежности для нового года,"Хлопушка, конфетти, серпантин новогодние"
"Детские товары, игрушки","Игрушки, игры, развивающие игры",Радиоуправляемая игрушка,Игрушка р/у
"Рукоделие, творчество, хобби",Рукоделие и творчество для детей,"Набор для детского рукоделия, творчества",Набор для создания фоторамки детский
"Рукоделие, творчество, хобби",Рукоделие и творчество для детей,"Набор для детского рукоделия, творчества",Набор для создания барельефа детский
"Рукоделие, творчество, хобби",Рукоделие и творчество для детей,"Набор для детского рукоделия, творчества",Набор для создания гравюры детский
"Детские товары, игрушки","Игрушки, игры, развивающие игры",Мягкая игрушка,Мягкая игрушка - кино и мультгерои
"Детские товары, игрушки","Игрушки, игры, развивающие игры",Радиоуправляемая игрушка,Робот р/у
"Детские товары, игрушки","Игрушки, игры, развивающие игры",Оружие игрушечное,"Автомат, пистолет, ружье игрушечные"
"Детские товары, игрушки","Игрушки, игры, развивающие игры",Оружие игрушечное,"Патроны, пули, мишень игрушечные"
Текстиль,Столовый текстиль,Набор столовый,Набор столовый
Спортивные товары и товары для активного отдыха,Рыбалка,Зимняя рыбалка,Ледобур рыболовный
Спортивные товары и товары для активного отдыха,Рыбалка,Зимняя рыбалка,Палатка зимняя для рыбалки
"Рукоделие, творчество, хобби",Рукоделие и творчество для детей,"Набор для детского рукоделия, творчества","Набор для создания косметики, духов детский"
Программное обеспечение,Цифровой контент,Код активации,Код активации
"Рукоделие, творчество, хобби",Рукоделие и творчество для детей,Лепка для детей,Лепка из песка для детей
"Детские товары, игрушки","Игрушки, игры, развивающие игры",Мягкая игрушка,Мягкая игрушка
"Детские товары, игрушки","Игрушки, игры, развивающие игры",Оружие игрушечное,"Боевое снаряжение, доспехи игрушечные"
"Детские товары, игрушки","Игрушки, игры, развивающие игры",Радиоуправляемая игрушка,"Самолеты, вертолеты, квадрокоптеры р/у"
"Рукоделие, творчество, хобби",Рукоделие и творчество для детей,Лепка для детей,Лепка из массы для детей
"Рукоделие, творчество, хобби",Рукоделие и творчество для детей,"Набор для детского рукоделия, творчества",Набор для создания фресок детский
"Рукоделие, творчество, хобби",Рукоделие и творчество для детей,"Набор для детского рукоделия, творчества",Набор для изготовления свечей детский
"Рукоделие, творчество, хобби",Рукоделие и творчество для детей,"Набор для детского рукоделия, творчества",Набор для поделок из дерева детский
"Рукоделие, творчество, хобби",Рукоделие и творчество для детей,"Набор для детского рукоделия, творчества",Набор для фокусов детский
"Мебель, интерьер и декор",Предмет интерьера,Принадлежности для нового года,"Фигуры деда мороза, снегурчки, снеговика"
"Мебель, интерьер и декор",Предмет интерьера,Принадлежности для нового года,Подарочная упаковка новогодняя
Продукты питания,Кондитерские изделия,Кондитерские изделия,Жевательная резинка
Продукты питания,Кондитерские изделия,Конфеты,Конфеты
"Рукоделие, творчество, хобби",Рукоделие и творчество для детей,Вышивание для детей,Набор для вышивания детский
"Рукоделие, творчество, хобби",Рукоделие и творчество для детей,"Набор для детского рукоделия, творчества","Набор для создания поделок из бумаги, картона деткий"
"Рукоделие, творчество, хобби",Рукоделие и творчество для детей,"Набор для детского рукоделия, творчества",Набор для создания поделок с магнитами детский
"Рукоделие, творчество, хобби",Рукоделие и творчество для детей,Лепка для детей,Лепка из теста для детей
Продукты питания,Кондитерские изделия,Конфеты,Марципан
"Рукоделие, творчество, хобби",Рукоделие и творчество для детей,Лепка для детей,Лепка из гипса для детей
Галантерея,Бижутерия,Брошь бижу,Значок
"Детские товары, игрушки","Игрушки, игры, развивающие игры",Мягкая игрушка,Мягкая игрушка - антистресс
Продукты питания,Кондитерские изделия,Конфеты,Леденец
"Парфюмерия, косметика",Косметические средства для детей и беременных,Детская декоративная косметика,Лак для волос детский
"Рукоделие, творчество, хобби",Рукоделие и творчество для детей,"Набор для детского рукоделия, творчества",Набор для создания открытки детский
Продукты питания,Кондитерские изделия,Шоколад,Плиточный шоколад
"Детские товары, игрушки","Игрушки, игры, развивающие игры",Оружие игрушечное,"Меч, кинжал игрушечные"
Продукты питания,Кондитерские изделия,Шоколад,Шоколадный батончик
Продукты питания,Кондитерские изделия,Шоколад,Фигурный шоколад
Одежда,Карнавальные костюмы,Карнавальные костюмы,Карнавальный костюм для девочки
"Рукоделие, творчество, хобби",Рукоделие и творчество для детей,"Набор для детского рукоделия, творчества",Набор для валяния детский
"Парфюмерия, косметика",Косметические средства для детей и беременных,Детская декоративная косметика,Набор детской декоративной косметики
"Детские товары, игрушки","Игрушки, игры, развивающие игры",Конструктор,Конструктор металлический
Продукты питания,Кондитерские изделия,Шоколад,Шоколадное яйцо
"Детские товары, игрушки","Игрушки, игры, развивающие игры",Оружие игрушечное,Водное оружие
"Детские товары, игрушки","Игрушки, игры, развивающие игры",Оружие игрушечное,Оружие игрушечное разное
Галантерея,Бижутерия,Брошь бижу,Бижу брошь женская
Спортивные товары и товары для активного отдыха,Рыбалка,Зимняя рыбалка,Сани для зимней рыбалки
"Детские товары, игрушки","Игрушки, игры, развивающие игры",Мягкая игрушка,Мягкая игрушка на руку
"Рукоделие, творчество, хобби",Рукоделие и творчество для детей,"Набор для детского рукоделия, творчества",Набор для создания объемной картинки детский
Галантерея,Бижутерия,Брошь бижу,Бижу брошь детская
Одежда,Карнавальные костюмы,Карнавальные костюмы,Карнавальный костюм для мальчика
"Рукоделие, творчество, хобби",Хобби детское,"Научно-познавательные материалы, приборы",Бинокль детский
"Рукоделие, творчество, хобби",Хобби детское,"Научно-познавательные материалы, приборы",Анатомическая модель
"Детские товары, игрушки","Игрушки, игры, развивающие игры",Радиоуправляемая игрушка,Строительная и спецтехника р/у
"Детские товары, игрушки","Игрушки, игры, развивающие игры",Радиоуправляемая игрушка,Водный транспорт р/у
"Детские товары, игрушки","Игрушки, игры, развивающие игры",Оружие игрушечное,"Арбалет, лук игрушечные"
Продукты питания,Кондитерские изделия,Кондитерские изделия,Сахарная вата
"Рукоделие, творчество, хобби",Рукоделие и творчество для детей,"Набор для детского рукоделия, творчества",Набор для создания витража детский
Продукты питания,Кондитерские изделия,Кондитерские изделия,Кондитерские изделия
"Рукоделие, творчество, хобби",Хобби детское,Головоломка,Принадлежность для головоломки
"Детские товары, игрушки","Игрушки, игры, развивающие игры",Мягкая игрушка,Мягкая игрушка - подушка
Одежда,Карнавальные костюмы,Карнавальные костюмы,Карнавальный костюм мужской
Спортивные товары и товары для активного отдыха,Зимние виды спорта,Фигурное катание,Коньки фигурные женские
Спортивные товары и товары для активного отдыха,Зимние виды спорта,Фигурное катание,Коньки фигурные женские раздвижные
Продукты питания,Кондитерские изделия,Кондитерские изделия,Трубочка для молока
"Рукоделие, творчество, хобби",Рукоделие и творчество для детей,Лепка для детей,Набор для слепков новорожденных
Спортивные товары и товары для активного отдыха,Зимние виды спорта,Фигурное катание,Коньки фигурные детские раздвижные
Спортивные товары и товары для активного отдыха,Зимние виды спорта,Фигурное катание,Коньки фигурные детские
"Парфюмерия, косметика",Косметические средства для детей и беременных,Детская декоративная косметика,Тени для век детские
Продукты питания,Кондитерские изделия,Кондитерские изделия,Безе
"Детские товары, игрушки","Игрушки, игры, развивающие игры",Мягкая игрушка,Мягкая игрушка - герои видеоигр
"Детские товары, игрушки","Игрушки, игры, развивающие игры",Оружие игрушечное,Стрелялки игрушечные
"Детские товары, игрушки","Игрушки, игры, развивающие игры",Радиоуправляемая игрушка,Мотоцикл р/у
Одежда,Карнавальные костюмы,Карнавальные костюмы,Кигуруми для девочки
"Парфюмерия, косметика",Декоративная косметика,Макияж тела,Средство для макияжа тела
Спортивные товары и товары для активного отдыха,Зимние виды спорта,Фигурное катание,Коньки фигурные мужские раздвижные
Одежда,Карнавальные костюмы,Карнавальные костюмы,Кигуруми для мальчика
"Мебель, интерьер и декор",Предмет интерьера,Принадлежности для нового года,"Подставка, коврик под елку"
"Парфюмерия, косметика",Косметические средства для детей и беременных,Детская декоративная косметика,Стикеры для ногтей детские
"Мебель, интерьер и декор",Предмет интерьера,Принадлежности для нового года,Елка уличная новогодняя
Электроника и электротовары,Оборудование,"Оборудование для кафе, ресторанов",Весы электронные профессиональные
Спортивные товары и товары для активного отдыха,Зимние виды спорта,Фигурное катание,Чехлы для коньков для фигурного катания
Программное обеспечение,Цифровой контент,Код активации,Цифровое ПО для работы - антивирус
"Мебель, интерьер и декор",Предмет интерьера,Принадлежности для нового года,"Шишки, ветки и цветы декоративные новогодние"
"Мебель, интерьер и декор",Предмет интерьера,Принадлежности для нового года,Венок новогодний
Программное обеспечение,Цифровой контент,Код активации,Цифровое ПО для работы - Офисная программа
Программное обеспечение,Цифровой контент,Код активации,Цифровое ПО обучающее
"Мебель, интерьер и декор",Предмет интерьера,Принадлежности для нового года,Статуэтка новогодняя
"Мебель, интерьер и декор",Предмет интерьера,Принадлежности для нового года,Бусы на елку
"Мебель, интерьер и декор",Предмет интерьера,Принадлежности для нового года,Символ года
Книги,Современная печатная книга,Современная печатная книга,Нехудожественная литература
Книги,Букинистическая книга,Букинистика,Букинистика
Книги,Современная печатная книга,Современная печатная книга,Детская литература
Книги,Современная печатная книга,Современная печатная книга,Художественная литература
Книги,Современная печатная книга,Современная печатная книга,Современная печатная книга
Книги,Современная печатная книга,Современная печатная книга,Учебная литература
Книги,Современные листовые издания,Современные листовые издания,Современные листовые издания
Книги,Иностранное издание,Иностранное издание,Иностранное издание
Книги,Аудиокнига,Аудиокнига,Аудиокнига
Книги,Современные картографические издания,Современные картографические издания,Современные картографические издания
Книги,Современная печатная книга,Современная печатная книга,Манга
Книги,ПО на физических носителях,ПО на физических носителях,ПО на физических носителях
Книги,Современная печатная книга,Современная печатная книга,Комиксы
Книги,Книга по требованию,Print-On-Demand,Print-On-Demand
Книги,Антикварное издание,Антикварное издание,Антикварное издание
Книги,Second-hand книга,Second-hand книга,Second-hand книги
"Парфюмерия, косметика",Косметика для ухода за кожей,Лицо,Маски и патчи для глаз
"Парфюмерия, косметика",Косметика для ухода за кожей,Лицо,Маска для лица
"Парфюмерия, косметика",Парфюмерия,Парфюмерия для женщин,Парфюмерная вода женская
"Парфюмерия, косметика",Парфюмерия,Парфюмерия для женщин,Туалетная вода женская
"Парфюмерия, косметика",Косметика для ухода за кожей,Лицо,Сыворотки и дополнительный уход для лица
"Парфюмерия, косметика",Декоративная косметика,Маникюр и педикюр,"Основа, база под лак"
"Парфюмерия, косметика",Декоративная косметика,Маникюр и педикюр,Средство для улучшения ногтей и кутикулы
"Парфюмерия, косметика",Косметика для ухода за кожей,Руки,Увлажняющее средство для рук
"Парфюмерия, косметика",Декоративная косметика,"Глаза, ресницы, брови",Тушь для ресниц
"Парфюмерия, косметика",Декоративная косметика,Маникюр и педикюр,Средство для быстрого высыхания лака
"Парфюмерия, косметика",Косметика для ухода за кожей,Лицо,Средство увлажняющее для лица
"Парфюмерия, косметика",Косметика для ухода за кожей,Лицо,Бальзам для губ
"Парфюмерия, косметика",Косметика для ухода за кожей,Лицо,Термальная вода
"Парфюмерия, косметика",Косметика для ухода за кожей,Тело,Средство моделирующее для тела
"Парфюмерия, косметика",Декоративная косметика,Маникюр и педикюр,Аксессуары для маникюра
"Парфюмерия, косметика",Косметические аксессуары,Аксессуары для маникюра и педикюра,Маникюрная пилка
"Парфюмерия, косметика",Косметические аксессуары,Аксессуары для маникюра и педикюра,Прочие аксессуары для маникюра и педикюра
"Парфюмерия, косметика",Декоративная косметика,Маникюр и педикюр,Карандаш для ногтей
"Парфюмерия, косметика",Декоративная косметика,Маникюр и педикюр,Корректор для маникюра
"Парфюмерия, косметика",Косметика для ухода за кожей,Ноги,Дезодорант для ног
"Парфюмерия, косметика",Косметика для ухода за волосами,Уход за волосами для женщин,Жидкий шампунь для волос женский
"Парфюмерия, косметика",Косметика для ухода за кожей,Ноги,Увлажняющее средство для ног
"Парфюмерия, косметика",Косметика для ухода за кожей,Лицо,Средство для снятия макияжа
"Парфюмерия, косметика",Косметика для ухода за волосами,Окрашивание волос для женщин,Краска для волос женская
"Парфюмерия, косметика",Косметика для ухода за волосами,Окрашивание волос для женщин,Оттеночное средство для волос женское
"Парфюмерия, косметика",Косметика для ухода за волосами,Стайлинг для женщин,Гель для укладки женский
"Парфюмерия, косметика",Косметика для ухода за волосами,Уход за волосами для женщин,"Бальзам, кондиционер для волос женский"
"Парфюмерия, косметика",Косметика для ухода за кожей,Лицо,Средство для умывания
"Парфюмерия, косметика",Косметика для ухода за волосами,Стайлинг для женщин,Мусс для волос женский
"Парфюмерия, косметика",Косметика для ухода за волосами,Стайлинг для женщин,Лак для волос женский
"Парфюмерия, косметика",Косметические средства для детей и беременных,Детские косметические аксессуары,Набор маникюрных инструментов для детей
"Парфюмерия, косметика",Косметика для ухода за кожей,Средства для бритья и депиляции женские,Средство для бритья женское
"Парфюмерия, косметика",Косметические средства для детей и беременных,Детские косметические средства,Крем детский зимний
"Парфюмерия, косметика",Косметические средства для детей и беременных,Детские косметические средства,Бальзам для губ детский
"Парфюмерия, косметика",Косметические средства для детей и беременных,Детские косметические средства,"Крем, гель детский"
"Парфюмерия, косметика",Косметические средства для детей и беременных,Детские косметические средства,Масло для тела детское
"Парфюмерия, косметика",Косметика для ухода за кожей,Тело,Средство увлажняющее для тела
"Парфюмерия, косметика",Косметика для ухода за кожей,Лицо,"Лосьон, тоник для лица"
"Парфюмерия, косметика",Декоративная косметика,"Глаза, ресницы, брови",Накладные ресницы
"Парфюмерия, косметика",Декоративная косметика,Маникюр и педикюр,Накладные ногти
"Парфюмерия, косметика",Косметические средства для детей и беременных,Детские косметические средства,"Молочко, лосьон для тела детское"
"Парфюмерия, косметика",Косметические средства для детей и беременных,Косметические средства для беременных и кормящих,Средство для ухода за телом до и после родов
"Парфюмерия, косметика",Косметические средства для детей и беременных,Косметические средства для беременных и кормящих,Средство от растяжек до и после родов
"Парфюмерия, косметика",Косметические средства для детей и беременных,Косметические средства для беременных и кормящих,Средство для ухода за грудью до и после родов
"Парфюмерия, косметика",Косметика для ухода за волосами,Уход за волосами для мужчин,Жидкий шампунь для волос мужской
"Парфюмерия, косметика",Декоративная косметика,"Глаза, ресницы, брови",Карандаш для глаз
"Парфюмерия, косметика",Декоративная косметика,"Глаза, ресницы, брови",Подводка для глаз
"Парфюмерия, косметика",Декоративная косметика,"Глаза, ресницы, брови",Карандаш для бровей
"Парфюмерия, косметика",Декоративная косметика,Тон для лица,Основа под макияж
"Парфюмерия, косметика",Косметика для ухода за кожей,Лицо,Пилинг для лица
"Парфюмерия, косметика",Косметика для ухода за кожей,Лицо,Скраб для лица
"Парфюмерия, косметика",Косметика для ухода за волосами,Стайлинг для женщин,Жидкость для укладки женская
"Парфюмерия, косметика",Декоративная косметика,Губы,Блеск для губ
"Парфюмерия, косметика",Косметика для ухода за волосами,Уход за волосами для женщин,"Лосьон, тоник для волос женский"
"Парфюмерия, косметика",Косметика для ухода за кожей,Лицо,Средство увлажняющее для глаз
"Парфюмерия, косметика",Косметика для ухода за кожей,Тело,Средство для шеи и декольте
"Парфюмерия, косметика",Косметика для ухода за кожей,Тело,Средство антицеллюлитное
"Парфюмерия, косметика",Декоративная косметика,Тон для лица,Пудра
"Парфюмерия, косметика",Декоративная косметика,Тон для лица,Тональное средство
"Парфюмерия, косметика",Косметика для ухода за волосами,Уход за волосами для женщин,Маска для волос женская
"Парфюмерия, косметика",Косметика для ухода за кожей,Тело,Средство для спа-процедур
"Парфюмерия, косметика",Декоративная косметика,Губы,Помада для губ
"Парфюмерия, косметика",Косметика для ухода за волосами,Окрашивание волос для женщин,Окислитель для волос
"Парфюмерия, косметика",Косметика для ухода за кожей,Ванно-банные принадлежности,Мочалки и губки для душа
"Парфюмерия, косметика",Косметика для ухода за волосами,Уход за волосами для женщин,Средство защищающее волосы от теплового воздействия
"Парфюмерия, косметика",Косметика для ухода за волосами,Уход за волосами для женщин,Дополнительный уход для волос и кожи головы
"Парфюмерия, косметика",Косметические аксессуары,Аксессуары для маникюра и педикюра,Набор маникюрных инструментов
"Парфюмерия, косметика",Косметика для ухода за кожей,Руки,Маска для рук
"Парфюмерия, косметика",Косметика для ухода за кожей,Ноги,Маска для ног
"Парфюмерия, косметика",Косметическая техника,Приборы для косметических процедур,Увлажнитель для лица
"Парфюмерия, косметика",Косметика для ухода за кожей,Средства для бритья и депиляции женские,Средство для депиляции женское
"Парфюмерия, косметика",Декоративная косметика,Тон для лица,Румяна
"Парфюмерия, косметика",Декоративная косметика,Тон для лица,"Хайлайтер, иллюминатор"
"Парфюмерия, косметика",Косметика для ухода за волосами,Уход за волосами для женщин,Крем для волос женский
"Парфюмерия, косметика",Косметика для ухода за кожей,Тело,Соль для ванны
"Парфюмерия, косметика",Косметика для ухода за кожей,Тело,Пена для ванны
"Парфюмерия, косметика",Косметика для ухода за кожей,Тело,Масло для тела
"Парфюмерия, косметика",Косметика для ухода за кожей,Тело,Пилинг для тела
"Парфюмерия, косметика",Парфюмерия,Ароматерапия,Эфирное масло косметическое
"Парфюмерия, косметика",Декоративная косметика,Маникюр и педикюр,Лак для ногтей
"Парфюмерия, косметика",Декоративная косметика,"Глаза, ресницы, брови",Тени для век
"Парфюмерия, косметика",Косметика для ухода за кожей,Тело,Скраб для тела
"Парфюмерия, косметика",Косметика для ухода за кожей,Ванно-банные принадлежности,Щетка для тела
"Парфюмерия, косметика",Косметические аксессуары,Аксессуары для маникюра и педикюра,Пемза
"Парфюмерия, косметика",Косметические аксессуары,Аксессуары для волос,"Расческа, щетка для волос"
"Парфюмерия, косметика",Декоративная косметика,"Глаза, ресницы, брови",Средство для ухода за ресницами и бровями
"Парфюмерия, косметика",Декоративная косметика,Маникюр и педикюр,Средство для снятия лака
"Парфюмерия, косметика",Косметика для ухода за волосами,Уход за волосами для женщин,Масло для волос женское
"Парфюмерия, косметика",Косметические средства для детей и беременных,Детские косметические средства,Средство солнцезащитное детское
"Парфюмерия, косметика",Декоративная косметика,Губы,Карандаш для губ
"Парфюмерия, косметика",Декоративная косметика,Тон для лица,"Корректор, консилер"
"Парфюмерия, косметика",Косметические аксессуары,Аксессуары для макияжа,Спонж
"Парфюмерия, косметика",Косметические аксессуары,Аксессуары для макияжа,Прочие аксессуары для макияжа
"Парфюмерия, косметика",Косметические аксессуары,Аксессуары для макияжа,Точилка для косметического карандаша
"Парфюмерия, косметика",Декоративная косметика,"Глаза, ресницы, брови",Тени для бровей
"Парфюмерия, косметика",Косметика для ухода за волосами,Набор для волос женский,Косметический набор для волос женский
"Парфюмерия, косметика",Косметика для ухода за кожей,Ванно-банные принадлежности,Шапочка для душа
"Парфюмерия, косметика",Косметика для ухода за волосами,Стайлинг для женщин,Пудра для волос женская
"Парфюмерия, косметика",Косметическая техника,Приборы для косметических процедур,Гидромассажная ванночка
"Парфюмерия, косметика",Косметические аксессуары,Аксессуары для макияжа,"Пинцет, щипцы для ресниц, бровей"
"Парфюмерия, косметика",Косметические аксессуары,Аксессуары для маникюра и педикюра,"Терка, скребок для ног"
"Парфюмерия, косметика",Косметические аксессуары,Аксессуары для макияжа,Зеркало косметическое
"Парфюмерия, косметика",Косметическая техника,Приборы для косметических процедур,Маникюрный набор электрический
"Парфюмерия, косметика",Косметическая техника,Приборы для косметических процедур,Триммер косметический
"Парфюмерия, косметика",Косметика для ухода за кожей,Загар,Автозагар
"Парфюмерия, косметика",Косметика для ухода за кожей,Загар,Средство для загара
"Парфюмерия, косметика",Косметика для ухода за кожей,Загар,Солнцезащитное средство
"Парфюмерия, косметика",Декоративная косметика,"Глаза, ресницы, брови",Тушь для бровей
"Парфюмерия, косметика",Косметика для ухода за кожей,Загар,Средство после загара
"Парфюмерия, косметика",Декоративная косметика,Маникюр и педикюр,Средство для удаления кутикулы
"Парфюмерия, косметика",Косметическая техника,Приборы для косметических процедур,Прибор для очищения кожи
"Парфюмерия, косметика",Косметические средства для детей и беременных,Детские косметические аксессуары,"Расческа, щетка, гребень детские"
"Парфюмерия, косметика",Косметические аксессуары,Аксессуары для макияжа,Кисти и аппликаторы
"Парфюмерия, косметика",Косметика для ухода за кожей,Тело,"Спрей, вода для тела"
"Парфюмерия, косметика",Парфюмерия,Парфюмерия для женщин,Духи женские
"Парфюмерия, косметика",Косметическая техника,Приборы для косметических процедур,Паровая сауна
"Парфюмерия, косметика",Косметические аксессуары,Аксессуары для волос,Бигуди
"Парфюмерия, косметика",Косметическая техника,Приборы для косметических процедур,Эпилятор
"Парфюмерия, косметика",Косметика для ухода за кожей,Средства для бритья и депиляции женские,Средство после бритья женское
"Парфюмерия, косметика",Косметика для ухода за волосами,Уход за волосами для мужчин,Крем для волос мужской
"Парфюмерия, косметика",Косметические аксессуары,Косметические аксессуары,Прочие косметические аксессуары
"Парфюмерия, косметика",Косметическая техника,Приборы для косметических процедур,Косметологический аппарат
"Парфюмерия, косметика",Декоративная косметика,Маникюр и педикюр,"Защитный лак, верхнее покрытие"
"Парфюмерия, косметика",Декоративная косметика,Маникюр и педикюр,Гель-лак
"Парфюмерия, косметика",Косметика для ухода за кожей,Тело,Средство массажное
"Парфюмерия, косметика",Косметические аксессуары,Аксессуары для маникюра и педикюра,Насадки для аппаратного маникюра
"Парфюмерия, косметика",Косметика для ухода за волосами,Уход за волосами для мужчин,"Бальзам, кондиционер для волос мужской"
"Парфюмерия, косметика",Косметика для ухода за волосами,Уход за волосами для женщин,Вода для расчесывания
"Парфюмерия, косметика",Косметика для ухода за кожей,Ноги,Скраб для ног
"Парфюмерия, косметика",Декоративная косметика,Маникюр и педикюр,Клей для ногтей
"Парфюмерия, косметика",Косметика для ухода за кожей,Ноги,Средство для ножных ванночек
"Парфюмерия, косметика",Косметика для ухода за волосами,Стайлинг для женщин,Блеск для волос женский
"Парфюмерия, косметика",Косметика для ухода за волосами,Стайлинг для женщин,Воск для укладки женский
"Парфюмерия, косметика",Декоративная косметика,"Глаза, ресницы, брови",Средство для окрашивания бровей и ресниц
"Парфюмерия, косметика",Косметика для ухода за кожей,Лицо,Крем для губ
"Парфюмерия, косметика",Косметика для ухода за волосами,Стайлинг для женщин,Паста для волос женская
"Парфюмерия, косметика",Декоративная косметика,Тон для лица,Бронзер
"Парфюмерия, косметика",Косметические аксессуары,Аксессуары для маникюра и педикюра,Маникюрные ножницы
"Парфюмерия, косметика",Косметические аксессуары,Аксессуары для маникюра и педикюра,Маникюрные щипцы
"Парфюмерия, косметика",Косметика для ухода за волосами,Окрашивание волос для женщин,Осветлитель для волос
"Парфюмерия, косметика",Косметика для ухода за кожей,Руки,Скраб для рук
"Парфюмерия, косметика",Косметика для ухода за волосами,Стайлинг для женщин,Кератин для волос
"Парфюмерия, косметика",Косметические аксессуары,Аксессуары для макияжа,Тату переводное
"Парфюмерия, косметика",Декоративная косметика,Маникюр и педикюр,Разбавитель лака для ногтей
"Парфюмерия, косметика",Косметика для ухода за кожей,Лицо,Салфетки матирующие
"Парфюмерия, косметика",Декоративная косметика,Тон для лица,Фиксатор макияжа
"Парфюмерия, косметика",Косметические аксессуары,Аксессуары для солярия,Аксессуары для солярия
"Парфюмерия, косметика",Косметическая техника,Приборы для косметических процедур,Фотоэпилятор
"Парфюмерия, косметика",Косметика для ухода за кожей,Лицо,Скраб для губ
"Парфюмерия, косметика",Косметика для ухода за волосами,Окрашивание волос для женщин,Химическая завивка
"Парфюмерия, косметика",Косметическая техника,Приборы для косметических процедур,Насадки для дарсонваля
"Парфюмерия, косметика",Косметические аксессуары,Аксессуары для волос,Парики и пряди
"Парфюмерия, косметика",Косметика для ухода за волосами,Окрашивание волос для мужчин,Краска и оттеночное средство для волос мужские
"Парфюмерия, косметика",Косметические средства для детей и беременных,Детские косметические средства,Средство после загара детское
"Парфюмерия, косметика",Косметическая техника,Приборы для косметических процедур,Электрозавивка для ресниц
"Парфюмерия, косметика",Косметическая техника,Приборы для косметических процедур,Разогреватель воска
"Парфюмерия, косметика",Косметическая техника,Оборудование для салона красоты,Стерилизация и дезинфекция для салона красоты
"Парфюмерия, косметика",Парфюмерия,Парфюмерия для женщин,Одеколон женский
"Парфюмерия, косметика",Косметические средства для детей и беременных,Детские косметические средства,Набор детской косметики для ухода
"Парфюмерия, косметика",Косметическая техника,Приборы для косметических процедур,Лампа для маникюра
"Парфюмерия, косметика",Косметика для ухода за кожей,Лицо,Сыворотки и дополнительный уход для глаз
"Парфюмерия, косметика",Косметика для ухода за волосами,Набор для волос мужской,Косметический набор для волос мужской
"Парфюмерия, косметика",Косметические аксессуары,Аксессуары для макияжа,Сумка косметолога/визажиста
"Парфюмерия, косметика",Косметика для ухода за кожей,Средства для бритья и депиляции женские,Средство после депиляции женское
"Парфюмерия, косметика",Парфюмерия,Парфюмерия для женщин,Парфюмерный набор женский
"Парфюмерия, косметика",Косметическая техника,Приборы для косметических процедур,Термобигуди
"Парфюмерия, косметика",Косметика для ухода за волосами,Стайлинг для женщин,Глина для укладки женская
"Парфюмерия, косметика",Косметика для ухода за волосами,Уход за волосами для мужчин,"Лосьон, тоник для волос мужской"
"Парфюмерия, косметика",Декоративная косметика,Маникюр и педикюр,Дезинфицирующее средство
"Парфюмерия, косметика",Косметика для ухода за волосами,Окрашивание волос для женщин,Тушь для волос
"Парфюмерия, косметика",Косметика для ухода за кожей,Загар,Средство для загара в солярии
"Парфюмерия, косметика",Косметическая техника,Оборудование для салона красоты,Прочее оборудование для салонов красоты
"Парфюмерия, косметика",Косметика для ухода за волосами,Уход за волосами для мужчин,Масло для волос мужское
"Парфюмерия, косметика",Косметика для ухода за кожей,Загар,Средство от солнечных ожогов
"Парфюмерия, косметика",Косметические средства для детей и беременных,Детская декоративная косметика,Помада для губ детская
"Парфюмерия, косметика",Парфюмерия,Парфюмерия для женщин,Атомайзер
"Парфюмерия, косметика",Косметика для ухода за кожей,Средства для бритья и депиляции женские,Набор средств для депиляции женский
"Парфюмерия, косметика",Косметическая техника,Приборы для косметических процедур,Насадки для эпилятора
"Парфюмерия, косметика",Косметическая техника,Оборудование для салона красоты,Маникюрный стол
"Парфюмерия, косметика",Косметическая техника,Оборудование для салона красоты,"Массажный стол, кресло"
"Парфюмерия, косметика",Косметика для ухода за волосами,Уход за волосами для мужчин,Маска для волос мужская
"Парфюмерия, косметика",Косметические средства для детей и беременных,Детская декоративная косметика,Тушь для ресниц детская
"Парфюмерия, косметика",Косметические аксессуары,Парикмахерские принадлежности,"Сумки, чехлы для парикмахерских инструментов"
"Детские товары, игрушки","Игрушки, игры, развивающие игры",Настольная игра,Развлекательная настольная игра
"Детские товары, игрушки","Игрушки, игры, развивающие игры",Настольная игра,Аксессуары для настольных игр
"Детские товары, игрушки","Игрушки, игры, развивающие игры",Настольная игра,Игра - ходилка
"Детские товары, игрушки","Игрушки, игры, развивающие игры",Настольная игра,"Карточные игры, кубики игральные детские"
"Детские товары, игрушки","Игрушки, игры, развивающие игры",Настольная игра,"Домино, МаДжонг"
"Детские товары, игрушки","Игрушки, игры, развивающие игры",Настольная игра,"Шахматы, шашки, нарды детские"
"Детские товары, игрушки","Игрушки, игры, развивающие игры",Настольная игра,"Лото русское, бинго"
"Детские товары, игрушки","Игрушки, игры, развивающие игры",Настольная игра,"Настольный футбол, хоккей для детей"
"Детские товары, игрушки","Игрушки, игры, развивающие игры",Настольная игра,Викторина
"Детские товары, игрушки","Игрушки, игры, развивающие игры",Настольная игра,Гадание и аксессуары
Электроника и электротовары,Портативная аудиотехника,Портативная акустика,Наушники
Электроника и электротовары,Аксессуары для электроники,Электропитание,Типовая батарейка
Электроника и электротовары,Аксессуары для электроники,Аксессуар к фото и видео,Объектив
Электроника и электротовары,Бытовая техника,Электронные товары для красоты и здоровья,Машинка для стрижки
Электроника и электротовары,Бытовая техника,Климатическая техника,Погодная станция
Электроника и электротовары,Бытовая техника,Электронные товары для красоты и здоровья,Фен-щетка
Электроника и электротовары,Бытовая техника,Электронные товары для красоты и здоровья,Фен
Электроника и электротовары,Бытовая техника,Электронные товары для красоты и здоровья,Бритва электрическая
Электроника и электротовары,Аксессуары для электроники,Аксессуар к фото и видео,Бленда для фото
Электроника и электротовары,Домашняя Аудио и Видеотехника,Акустическая система,Микрофон
Электроника и электротовары,Компьютеры и периферия,Периферийное оборудование,Компьютерная акустическая система
Электроника и электротовары,Бытовая техника,Электронные товары для красоты и здоровья,Триммер электрический
Электроника и электротовары,Бытовая техника,Электронные товары для красоты и здоровья,Щипцы для волос электрические
Электроника и электротовары,Бытовая техника,Электронные товары для красоты и здоровья,Электрическая зубная щетка
Электроника и электротовары,Бытовая техника,Климатическая техника,Увлажнитель воздуха
Электроника и электротовары,Компьютеры и периферия,Периферийное оборудование,Наушники компьютерные
Электроника и электротовары,Аксессуары для электроники,Электропитание,Аккумуляторы
Электроника и электротовары,Компьютеры и периферия,Периферийное оборудование,Веб-камера
Электроника и электротовары,Бытовая техника,Электронные товары для красоты и здоровья,Стайлер
Электроника и электротовары,Бытовая техника,Электронные товары для красоты и здоровья,Выпрямитель для волос
Электроника и электротовары,Бытовая техника,Климатическая техника,Вентилятор
Электроника и электротовары,Аксессуары для электроники,Электропитание,Зарядное устройство сетевое
Электроника и электротовары,Аксессуары для электроники,Электропитание,Сетевой удлинитель
Электроника и электротовары,Аксессуары для электроники,Аксессуар к фото и видео,Чехол для фото
Электроника и электротовары,Аксессуары для электроники,Аксессуар к фото и видео,Фотосумка
Электроника и электротовары,Компьютеры и периферия,Периферийное оборудование,Сканер
Электроника и электротовары,Бытовая техника,Электронные товары для красоты и здоровья,Весы напольные электронные
Электроника и электротовары,Бытовая техника,Климатическая техника,Тепловентилятор
Электроника и электротовары,Аксессуары для электроники,Аксессуар к TV и аудио технике,"Кронштейн, подставка для TV и аудиотехники"
Электроника и электротовары,Аксессуары для электроники,Аксессуар к TV и аудио технике,TV антенна
Электроника и электротовары,Аксессуары для электроники,Аксессуар к TV и аудио технике,Универсальный пульт для электроники
Электроника и электротовары,Бытовая техника,Климатическая техника,"Воздухоочиститель, мойка воздуха"
Электроника и электротовары,Бытовая техника,Климатическая техника,Обогреватель
Электроника и электротовары,Аксессуары для электроники,Аксессуар к фото и видео,Штатив
Электроника и электротовары,Портативная аудиотехника,Портативная акустика,Портативная акустическая система
Электроника и электротовары,Компьютеры и периферия,Периферийное оборудование,Источник бесперебойного питания
Электроника и электротовары,Аксессуары для электроники,Электропитание,Зарядное устройство автомобильное
Электроника и электротовары,Аксессуары для электроники,Аксессуар к фото и видео,Фотопленка
Электроника и электротовары,Аксессуары для электроники,Аксессуар к фото и видео,Аккумулятор для фото-видео
Электроника и электротовары,Аксессуары для электроники,Аксессуар к фото и видео,Пульт для фото
Электроника и электротовары,Компьютеры и периферия,Периферийное оборудование,Графический планшет
Электроника и электротовары,Компьютеры и периферия,Периферийное оборудование,Внешний привод ODD
Электроника и электротовары,Компьютеры и периферия,Периферийное оборудование,Монитор
Электроника и электротовары,Компьютеры и периферия,Компьютерные комплектующие,SSD диск
Электроника и электротовары,Компьютеры и периферия,Периферийное оборудование,Принтер
Электроника и электротовары,Домашняя Аудио и Видеотехника,Акустическая система,Домашний кинотеатр
Электроника и электротовары,Домашняя Аудио и Видеотехника,Музыкальные инструменты,Синтезатор
Электроника и электротовары,Домашняя Аудио и Видеотехника,Музыкальные инструменты,Электрогитара
Электроника и электротовары,Домашняя Аудио и Видеотехника,Музыкальные инструменты,Аксессуар для музыкального инструмента
Электроника и электротовары,Аксессуары для электроники,Аксессуар к фото и видео,Крепление для фото/видео устройств
Электроника и электротовары,Аксессуары для электроники,Электропитание,Зарядное устройство для аккумуляторов
Электроника и электротовары,Аксессуары для электроники,Электропитание,Внешний аккумулятор
Электроника и электротовары,Бытовая техника,Климатическая техника,Водонагреватель
Электроника и электротовары,Домашняя Аудио и Видеотехника,Музыкальные инструменты,Студийная звуковая карта PRO
Электроника и электротовары,Компьютеры и периферия,Периферийное оборудование,Пластик для 3D печати
Электроника и электротовары,Компьютеры и периферия,Периферийное оборудование,МФУ
Электроника и электротовары,Компьютеры и периферия,Компьютерные комплектующие,Модуль памяти
Электроника и электротовары,Аксессуары для электроники,Аксессуар к фото и видео,"Чистящий карандаш для оптики, мониторов"
Электроника и электротовары,Аксессуары для электроники,Электропитание,Батареи для ИБП
Электроника и электротовары,Компьютеры и периферия,Компьютерные комплектующие,Звуковая карта для ПК
Электроника и электротовары,Аксессуары для электроники,Аксессуар к TV и аудио технике,"Сумка, кейс для CD"
Электроника и электротовары,Компьютеры и периферия,Компьютерные комплектующие,Корпус для HDD
Электроника и электротовары,Домашняя Аудио и Видеотехника,Акустическая система,Сабвуфер
Электроника и электротовары,Компьютеры и периферия,Компьютерные комплектующие,Видеокарта
Электроника и электротовары,Компьютеры и периферия,Компьютерные комплектующие,Жесткий диск
Электроника и электротовары,Аксессуары для электроники,Аксессуар к фото и видео,Сумка для цифровой аппаратуры
Электроника и электротовары,Аксессуары для электроники,Аксессуар к фото и видео,Фоторюкзак
Электроника и электротовары,Аксессуары для электроники,Аксессуар к фото и видео,Фотовспышка
Электроника и электротовары,Компьютеры и периферия,Компьютерные комплектующие,Материнская плата
Электроника и электротовары,Аксессуары для электроники,Аксессуар к фото и видео,Светофильтр
Электроника и электротовары,Компьютеры и периферия,Периферийное оборудование,Микрофон компьютерный
Электроника и электротовары,Аксессуары для электроники,Электропитание,Аккумулятор для мобильного телефона
Электроника и электротовары,Компьютеры и периферия,Компьютерные комплектующие,Компьютерный корпус
Электроника и электротовары,Компьютеры и периферия,Компьютерные комплектующие,Система охлаждения
Электроника и электротовары,Компьютеры и периферия,Компьютерные комплектующие,Блок питания
Электроника и электротовары,Домашняя Аудио и Видеотехника,Музыкальные инструменты,Студийная акустика
Электроника и электротовары,Домашняя Аудио и Видеотехника,Музыкальные инструменты,Духовые музыкальные инструменты
Электроника и электротовары,Компьютеры и периферия,Компьютерные комплектующие,Процессор
Электроника и электротовары,Компьютеры и периферия,Периферийное оборудование,3D принтер
Электроника и электротовары,Домашняя Аудио и Видеотехника,Музыкальные инструменты,Электро/электронный музыкальный инструмент
Электроника и электротовары,Компьютеры и периферия,Периферийное оборудование,3D ручка
Электроника и электротовары,Бытовая техника,Электронные товары для красоты и здоровья,Электробигуди
Электроника и электротовары,Домашняя Аудио и Видеотехника,Музыкальные инструменты,Струнные музыкальные инструменты
Электроника и электротовары,Домашняя Аудио и Видеотехника,Музыкальные инструменты,Ударные музыкальные инструменты
Электроника и электротовары,Аксессуары для электроники,Аксессуар к фото и видео,Фото-штативная голова
Электроника и электротовары,Домашняя Аудио и Видеотехника,Музыкальные инструменты,Клавишные инструменты
Электроника и электротовары,Домашняя Аудио и Видеотехника,Акустическая система,Саундбар
Электроника и электротовары,Аксессуары для электроники,Аксессуар к фото и видео,Держатель для светофильтра
Электроника и электротовары,Компьютеры и периферия,Компьютерные комплектующие,Карта видеозахвата
Электроника и электротовары,Аксессуары для электроники,Аксессуар к фото и видео,Батарейный блок для фото
Электроника и электротовары,Аксессуары для электроники,Аксессуар к фото и видео,Студийный свет для фото
Электроника и электротовары,Домашняя Аудио и Видеотехника,Акустическая система,Акустическая система с док-станцией
Электроника и электротовары,Домашняя Аудио и Видеотехника,Музыкальные инструменты,Гитарный усилитель
Электроника и электротовары,Аксессуары для электроники,Аксессуар к фото и видео,Ремень для фото
Электроника и электротовары,Бытовая техника,Климатическая техника,Мобильный кондиционер
Электроника и электротовары,Аксессуары для электроники,Аксессуар к фото и видео,Рассеиватель для фото/видео
Электроника и электротовары,Аксессуары для электроники,Аксессуар к TV и аудио технике,Чехол для портативной акустики
Электроника и электротовары,Аксессуары для электроники,Аксессуар к фото и видео,Подсветка для фото/видео
Электроника и электротовары,Домашняя Аудио и Видеотехника,Музыкальные инструменты,"DJ-пульт, проигрыватель"
Электроника и электротовары,Компьютеры и периферия,Компьютерные комплектующие,Внешняя звуковая карта
Электроника и электротовары,Бытовая техника,Климатическая техника,Стационарный кондиционер
Электроника и электротовары,Аксессуары для электроники,Аксессуар к TV и аудио технике,Экран для проектора
Электроника и электротовары,Компьютеры и периферия,Периферийное оборудование,Копировальный аппарат
Электроника и электротовары,Портативная аудиотехника,Портативная акустика,Беспроводные наушники
Электроника и электротовары,Компьютеры и периферия,Периферийное оборудование,Графический планшет-монитор
Электроника и электротовары,Аксессуары для электроники,Аксессуар к фото и видео,Аквабокс
Электроника и электротовары,Аксессуары для электроники,Электропитание,Преобразователь напряжения
Электроника и электротовары,Аксессуары для электроники,Аксессуар к фото и видео,Фон для фото/видео
Электроника и электротовары,Компьютеры и периферия,Периферийное оборудование,TV тюнер
Электроника и электротовары,Аксессуары для электроники,Аксессуар к фото и видео,Крышка для объектива
Электроника и электротовары,Бытовая техника,Климатическая техника,Охладитель воздуха
Электроника и электротовары,Компьютеры и периферия,Компьютерные комплектующие,Микрокомпьютер
Электроника и электротовары,Бытовая техника,Климатическая техника,Вытяжной вентилятор
Электроника и электротовары,Домашняя Аудио и Видеотехника,Музыкальные инструменты,Спецэффект для электрогитары
Электроника и электротовары,Аксессуары для электроники,Аксессуар к фото и видео,Кейс для фото
Электроника и электротовары,Аксессуары для электроники,Аксессуар к фото и видео,Фотоадаптер кольцо
Электроника и электротовары,Аксессуары для электроники,Аксессуар к TV и аудио технике,3D очки для телевизора
Электроника и электротовары,Аксессуары для электроники,Аксессуар к фото и видео,Кнопка спуска затвора для фото
Электроника и электротовары,Аксессуары для электроники,Аксессуар к фото и видео,Фото отражатель
Электроника и электротовары,Компьютеры и периферия,Периферийное оборудование,Устройство аудиомонтажа
Электроника и электротовары,Компьютеры и периферия,Периферийное оборудование,Принтер для наклеек
