,BU_Level1,BU_Level2,BU_Level3,BU_Level4,yandex_category_id,yandex_category_name
0,"Рукоделие, творчество, хобби",Хобби детское,Моделирование,Модель для сборки,10683226,Сборные модели
1,"Рукоделие, творчество, хобби",Хобби детское,Моделирование,"Аксессуары, принадлежности для сборных моделей",10683226,Сборные модели
2,"Детские товары, игрушки",Товары для детской комнаты,Декор для детской,Часы для детской комнаты,15587458,Часы настенные
3,Канцелярские товары,Чертежные принадлежности,"Линейка, транспортир",Набор геометрический,90752,Чертежные инструменты
4,"Парфюмерия, косметика",Парфюмерия,Парфюмерия для мужчин,Туалетная вода мужская,15927546,Парфюмерия
5,"Парфюмерия, косметика",Косметика для ухода за кожей,Средства для бритья мужские,Средство после бритья мужское,8480722,Средства для бритья
6,"Парфюмерия, косметика",Косметика для ухода за кожей,Средства для бритья мужские,Средство для бритья мужское,8480722,Средства для бритья
7,Спортивные товары и товары для активного отдыха,Туризм,"Приготовление пищи, посуда туристическая",Фляга для туризма,936950,Туристическая посуда
8,Галантерея,Бижутерия,Брелок бижу,Бижу брелок,7812196,Брелоки и ключницы
9,Спортивные товары и товары для активного отдыха,Туризм,"Приготовление пищи, посуда туристическая","Посуда для туризма, пикника",936950,Туристическая посуда
10,"Парфюмерия, косметика",Косметика для ухода за кожей,Уход за лицом и телом для мужчин,Средства для ухода за лицом и телом мужские,8480713,Уход за лицом
11,"Мебель, интерьер и декор",Авторская работа Хоум Декор,"Сувениры, подарки авторские",Серьги авторские,1634405,Серьги
12,"Рукоделие, творчество, хобби",Хобби детское,Моделирование,Сборная деревянная модель,10683226,Сборные модели
13,Спортивные товары и товары для активного отдыха,Туризм,"Мультитул, нож туристический",Мультитул,15032315,Ножи и мультитулы
14,Канцелярские товары,Офисные и школьные канц. аксессуары,Глобус,Глобус для обучения,13858925,Глобусы
15,"Детские товары, игрушки",Спортивные товары для детей,Спортивный комплекс детский,Игрушка для песочницы,13488366,Наборы в песочницу
16,"Парфюмерия, косметика",Косметическая техника,Массажная техника,Электромассажер для тела,6203660,Другие массажеры
17,"Парфюмерия, косметика",Косметическая техника,Массажная техника,Электромассажер для глаз и головы,6203660,Другие массажеры
18,Канцелярские товары,Писче-бумажная продукция,Конверты,Конверт сувенир,91007,Открытки
19,Галантерея,Путешествия,"Дорожные сумки, тележки",Сумка для активного отдыха,7812201,Сумки
20,Спортивные товары и товары для активного отдыха,Туризм,"Мультитул, нож туристический","Чехол для ножа, мультитула",15032315,Ножи и мультитулы
21,Спортивные товары и товары для активного отдыха,Туризм,"Приготовление пищи, посуда туристическая",Аккумулятор холода,187621,Сумки-холодильники
22,Одежда,Одежда спортивная,Термобелье спортивное,"Термобелье мужское- кофта, футболка",8276629,Термобелье
23,"Парфюмерия, косметика",Косметическая техника,Массажная техника,Массажная накидка,6203656,Массажные кресла
24,Одежда,"Домашняя одежда, ЧНИ, белье",Домашняя одежда мужская,Маска для сна,14732443,Дорожные аксессуары
25,"Детские товары, игрушки",Спортивные товары для детей,"Снегокат, тюбинг, сноускейт, ледянка",Тюбинг,13488215,Тюбинги
26,Одежда,Одежда спортивная,Термобелье спортивное,Термобелье мужское - штаны,8276629,Термобелье
27,Одежда,Одежда спортивная,Термобелье спортивное,Спортивные термоноски,7814955,Термобелье
28,"Рукоделие, творчество, хобби",Рукоделие и творчество для взрослых,Создание украшений,Аксессуары для создания украшений,13626503,Наборы для создания украшений
29,Галантерея,Кожгалантереи,"Бумажник, портмоне, кошелек",Женский Кошелек,7812200,Кошельки
30,"Рукоделие, творчество, хобби",Хобби детское,Моделирование,Военно-историческая миниатюра,10682608,Солдатики
31,Спортивные товары и товары для активного отдыха,Всесезонные виды спорта,Бокс,Бинт для бокса,961222,Аксессуары и принадлежности
32,Спортивные товары и товары для активного отдыха,Всесезонные виды спорта,Бокс,"Лапы, макивара для бокса",961226,Тренировочные снаряды
33,Спортивные товары и товары для активного отдыха,Всесезонные виды спорта,Бокс,Капа,294675,Спортивная защита
34,Спортивные товары и товары для активного отдыха,Всесезонные виды спорта,Бокс,Перчатки для бокса,14730866,Боксерские
35,Спортивные товары и товары для активного отдыха,Всесезонные виды спорта,Бокс,"Груша, мешок, стойка для бокса",961226,Тренировочные снаряды
36,Спортивные товары и товары для активного отдыха,Туризм,"Приготовление пищи, посуда туристическая","Жаровня, коптильня",5017483,"Грили, барбекю, коптильни"
37,Канцелярские товары,Чертежные принадлежности,"Линейка, транспортир",Линейка,90752,Чертежные инструменты
38,Канцелярские товары,Чертежные принадлежности,"Линейка, транспортир",Линейка-угольник,90752,Чертежные инструменты
39,Спортивные товары и товары для активного отдыха,Всесезонные виды спорта,Футбол,Гетры футбольные,7940846,Аксессуары
40,Электроника и электротовары,Игровые приставки и аксессуары,Геймпад для игровой приставки,Геймпад для игровой приставки,91117,"Рули, джойстики, геймпады"
41,Галантерея,Кожгалантереи,"Ремень, пояс, подтяжки",Женский кожаный ремень,7812175,Ремни и пояса
42,"Мебель, интерьер и декор",Авторская работа Хоум Декор,"Сувениры, подарки авторские","Кулон, подвеска авторские",1634401,Кулоны и подвески
43,Одежда,Одежда спортивная,Термобелье спортивное,Термобелье мужское- комплект,8276629,Термобелье
44,"Детские товары, игрушки",Спортивные товары для детей,"Снегокат, тюбинг, сноускейт, ледянка",Ледянка,91572,Ледянки
45,"Парфюмерия, косметика",Косметическая техника,Массажная техника,Массажная подушка,15806939,Массажные матрасы и подушки
46,Галантерея,Бижутерия,Браслет бижу,Бижу браслет со вставками женский,1634396,Браслеты
47,Галантерея,Путешествия,"Дорожные сумки, тележки",Сумка дорожная для путешествий,7812208,Дорожные и спортивные сумки
48,Спортивные товары и товары для активного отдыха,Туризм,"Мультитул, нож туристический",Нож туристический,15032315,Ножи и мультитулы
49,Спортивные товары и товары для активного отдыха,Туризм,"Приготовление пищи, посуда туристическая",Термос для туризма,90701,Термосы и термокружки
50,Спортивные товары и товары для активного отдыха,Туризм,"Приготовление пищи, посуда туристическая","Термопосуда для туризма, пикника",936950,Туристическая посуда
51,Спортивные товары и товары для активного отдыха,Туризм,"Приготовление пищи, посуда туристическая","Термоконтейнер, термосумка походная",187621,Сумки-холодильники
52,Галантерея,Бижутерия,Браслет бижу,Бижу шарм на браслет,"1634396,16742659","Браслеты,Украшения на тело"
53,Галантерея,Кожгалантереи,"Бумажник, портмоне, кошелек",Мужская Зажим для денежных банкнот,7812200,Кошельки
54,Галантерея,Кожгалантереи,"Бумажник, портмоне, кошелек",Мужское Портмоне,7812200,Кошельки
55,"Рукоделие, творчество, хобби",Рисование для детей,Товары для художников,Бумага для художников,13828968,Бумага для рисования
56,Спортивные товары и товары для активного отдыха,Туризм,"Приготовление пищи, посуда туристическая","Горелка, плитка газовая туристическая",13446358,Туристические горелки
57,Спортивные товары и товары для активного отдыха,Туризм,"Приготовление пищи, посуда туристическая","Столовые приборы для туризма, пикника",936950,Туристическая посуда
58,Галантерея,Путешествия,"Дорожные сумки, тележки",Косметичка дорожная,7812212,Косметички и бьюти-кейсы
59,"Рукоделие, творчество, хобби",Рукоделие и творчество для взрослых,Создание украшений,Материалы для создания украшений,13626503,Наборы для создания украшений
60,Галантерея,Кожгалантереи,"Бумажник, портмоне, кошелек",Мужской Бумажник водителя,7812200,Кошельки
61,Спортивные товары и товары для активного отдыха,Всесезонные виды спорта,Футбол,Мяч для футбола,14304975,Мячи
62,Спортивные товары и товары для активного отдыха,Всесезонные виды спорта,Футбол,Перчатки для футбола,7812170,Перчатки и варежки
63,Галантерея,Кожгалантереи,"Бумажник, портмоне, кошелек",Женская Визитница/кредитница,7812198,Визитницы и кредитницы
64,Канцелярские товары,Писче-бумажная продукция,"Бланки, этикетки",Бейдж,14419975,Бейджи
65,Канцелярские товары,Писче-бумажная продукция,"Бланки, этикетки",Держатель для бейджа,14419975,Бейджи
66,Одежда,Одежда спортивная,Термобелье спортивное,"Термобелье женское- кофта, футболка",7811902,Футболки и топы
67,"Рукоделие, творчество, хобби",Рисование для детей,Товары для художников,Альбом для художников,13626008,Альбомы для рисования
68,Галантерея,Аксессуары,Головные уборы,Женская шапка трикотажная,7811935,Головные уборы
69,Галантерея,Аксессуары,Головные уборы,Женский берет,7811935,Головные уборы
70,Галантерея,Аксессуары,Головные уборы,Мужская шапка трикотажная,7812167,Головные уборы
71,"Рукоделие, творчество, хобби",Рукоделие и творчество для взрослых,"Мозаика, гравюра, стразы",Набор для создания мозаики,15521478,Алмазная вышивка
72,"Рукоделие, творчество, хобби",Рукоделие и творчество для взрослых,"Мозаика, гравюра, стразы",Набор для создания картины со стразами,15521478,Алмазная вышивка
73,Одежда,Одежда мужская,Основная одежда мужская,Футболка мужская,7940839,Футболки и майки
74,Текстиль,"Покрывало, чехол",Чехол,Еврочехол,11911278,Чехлы для мебели
75,"Парфюмерия, косметика",Косметика для ухода за волосами,Стайлинг для мужчин,Воск для укладки мужской,13239550,Воск и паста
76,"Детские товары, игрушки",Товары для детской комнаты,Диапроектор,Диафильм,13483029,Диапроекторы и диафильмы
77,Обувь,Обувь мужская,Обувь мужская летняя,Мужские Кеды,7815007,Кроссовки и кеды
78,Электроника и электротовары,Фото и видео,Фотокамера,Компактная фотокамера,91148,Фотоаппараты
79,Продукты питания,Кондитерские изделия,"Зефир, пастила",Пастила,91343,"Зефир, пастила"
80,"Рукоделие, творчество, хобби",Рукоделие и творчество для детей,Выжигание для детей,Прибор для выжигания детский,10792938,Выжигание и выпиливание
81,"Рукоделие, творчество, хобби",Рукоделие и творчество для детей,Выжигание для детей,Набор для выжигания детский,10792938,Выжигание и выпиливание
82,Канцелярские товары,Писче-бумажная продукция,"Ежедневники, еженедельники, планнер",Ежедневник недатированный,90747,"Ежедневники, записные книжки"
83,"Парфюмерия, косметика",Косметика для ухода за кожей,Средства для бритья мужские,Средства и наборы для ухода за бородой,14990285,Для бороды и усов
84,"Мебель, интерьер и декор",Авторская работа Хоум Декор,"Сувениры, подарки авторские",Открытка авторская,91007,Открытки
85,"Парфюмерия, косметика",Косметика для ухода за волосами,Стайлинг для мужчин,Пудра для волос мужская,4748072,Пудра
86,"Парфюмерия, косметика",Косметика для ухода за волосами,Стайлинг для мужчин,Паста для волос мужская,13239550,Воск и паста
87,"Парфюмерия, косметика",Косметика для ухода за волосами,Стайлинг для мужчин,Гель для укладки мужской,13240862,Гели и лосьоны
88,"Парфюмерия, косметика",Косметика для ухода за волосами,Стайлинг для мужчин,Жидкость для укладки мужская,13239550,Воск и паста
89,"Парфюмерия, косметика",Декоративная косметика,Набор для макияжа,Набор для макияжа,4748064,Тени
90,"Детские товары, игрушки",Товары для детской комнаты,Декор для детской,Фотоальбом детский,90608,Фотоальбомы
91,Галантерея,Аксессуары,Головные уборы,Мужская бейсболка,7812167,Головные уборы
92,Галантерея,Аксессуары,Головные уборы,Мужское кепи,7812167,Головные уборы
93,"Мебель, интерьер и декор",Коллекционирование Хоум Декор,Аксессуары для коллекционирования,Аксессуары для коллекционирования монет,6101499,Нумизматика и филателия
94,"Мебель, интерьер и декор",Коллекционирование Хоум Декор,Аксессуары для коллекционирования,"Аксессуары для коллекционирования банкнот, ценных бумаг",6101499,Нумизматика и филателия
95,Канцелярские товары,Чертежные принадлежности,"Линейка, транспортир",Транспортир,90752,Чертежные инструменты
96,Обувь,Обувь мужская,Обувь мужская летняя,Мужское Сабо,7814998,Сабо
97,Спортивные товары и товары для активного отдыха,Туризм,"Приготовление пищи, посуда туристическая","Зажигалка для туризма, огниво",13446358,Туристические горелки
98,"Детские товары, игрушки",Товары для детской комнаты,Декор для детской,Декор настенный для детской,5110759,Интерьерные наклейки
99,Галантерея,Аксессуары,Головные уборы,Женская шляпа,7811935,Головные уборы
100,Продукты питания,Кондитерские изделия,Восточные сладости,Цукаты,91388,Сухофрукты
101,Продукты питания,Кондитерские изделия,"Зефир, пастила",Зефир,91343,"Зефир, пастила"
102,"Парфюмерия, косметика",Косметическая техника,Массажная техника,Массажные коврики и механические массажеры,6203660,Другие массажеры
103,Канцелярские товары,Писче-бумажная продукция,"Бланки, этикетки","Бланк грамоты, диплома",1568900,"Дипломы, медали, значки"
104,Галантерея,Кожгалантереи,"Бумажник, портмоне, кошелек",Женская Ключница,7812196,Брелоки и ключницы
105,Галантерея,Кожгалантереи,"Бумажник, портмоне, кошелек","Сумка, конверт, чехол для документов",7812201,Сумки
106,Галантерея,Сумки,Сумка мужская,Мужская Сумка,7812201,Сумки
107,"Детские товары, игрушки",Товары для здоровья беременных и кормящих,Предметы для здоровья беременных и кормящих,Подушка для беременных и кормящих,10752772,Подушки и кресла для мам
108,"Детские товары, игрушки",Товары для здоровья беременных и кормящих,Предметы для здоровья беременных и кормящих,Чехол на подушку для беременных и кормящих,10752772,Подушки и кресла для мам
109,"Детские товары, игрушки",Спортивные товары для детей,Товары для подвижных игр,Игрушка для подвижных игр,10682647,Настольные игры
110,Электроника и электротовары,Фото и видео,Фотокамера,Фотокамера со сменным объективом,91148,Фотоаппараты
111,Одежда,Одежда мужская,Основная одежда мужская,Брюки мужские,8268538,Брюки
112,Одежда,Одежда мужская,Основная одежда мужская,Рубашка мужская,7812145,Рубашки
113,"Детские товары, игрушки",Товары для детской комнаты,Диапроектор,Диапроектор,13483029,Диапроекторы и диафильмы
114,Продукты питания,Кондитерские изделия,Восточные сладости,Халва,91344,Восточные сладости
115,Продукты питания,Кондитерские изделия,Восточные сладости,Рахат лукум,91344,Восточные сладости
116,Одежда,Одежда мужская,Основная одежда мужская,Джемпер мужской,7811909,Свитеры и кардиганы
117,"Парфюмерия, косметика",Косметика для ухода за кожей,Набор косметики для ухода за кожей женский,Набор косметики для ухода за лицом женский,8480738,Наборы
118,"Детские товары, игрушки",Спортивные товары для детей,Товары для подвижных игр,"Снежкометатель, снежный бластер",10682597,Игрушечное оружие и бластеры
119,Продукты питания,Кондитерские изделия,"Зефир, пастила",Маршмеллоу,7811902,Футболки и топы
120,Спортивные товары и товары для активного отдыха,Зимние виды спорта,Лыжный спорт,Ботинки лыжные,91535,Ботинки
121,Спортивные товары и товары для активного отдыха,Зимние виды спорта,Лыжный спорт,"Чехол, сумка, рюкзак для лыж",13098075,Сумки и чехлы
122,Спортивные товары и товары для активного отдыха,Зимние виды спорта,Лыжный спорт,"Смазка, парафин для лыж",13096151,Аксессуары и комплектующие
123,Спортивные товары и товары для активного отдыха,Зимние виды спорта,Лыжный спорт,Лыжи,91532,Беговые лыжи
124,Одежда,"Домашняя одежда, ЧНИ, белье",Домашняя одежда мужская,Комплект домашний мужской,7811911,Домашняя одежда
125,Одежда,Одежда мужская,Основная одежда мужская,Джинсы мужские,7812152,Брюки
126,Одежда,Одежда мужская,Основная одежда мужская,Шорты мужские,7812153,Шорты
127,"Мебель, интерьер и декор",Коллекционирование Хоум Декор,Аксессуары для коллекционирования,Разное аксессуары для коллекционирования,,
128,Одежда,"Домашняя одежда, ЧНИ, белье",Домашняя одежда женская,Халат женский,7811911,Домашняя одежда
129,Канцелярские товары,Писче-бумажная продукция,"Бланки, этикетки",Этикетка универсальная,91046,Бумага и пленка
130,Канцелярские товары,Писче-бумажная продукция,Конверты,"Конверт почтовый, деловой",90740,Конверты
131,Одежда,Одежда мужская,Основная одежда мужская,Поло мужское,7812151,Футболки и майки
132,Спортивные товары и товары для активного отдыха,Всесезонные виды спорта,Футбол,Аксессуар для футбола,396901,Аксессуары и принадлежности
133,Канцелярские товары,Писче-бумажная продукция,"Бланки, этикетки",Лента для бейджа,14419975,Бейджи
134,"Парфюмерия, косметика",Косметика для ухода за кожей,Средства для бритья мужские,Набор средств для бритья мужской,8480722,Средства для бритья
135,Канцелярские товары,Писче-бумажная продукция,"Ежедневники, еженедельники, планнер","Планер, планинг",90747,"Ежедневники, записные книжки"
136,Одежда,Одежда мужская,Основная одежда мужская,Пиджак мужской,7811899,Жакеты
137,"Парфюмерия, косметика",Косметика для ухода за волосами,Стайлинг для мужчин,Лак для волос мужской,13239503,Лаки и спреи
138,"Парфюмерия, косметика",Косметика для ухода за волосами,Стайлинг для мужчин,Помада для укладки мужская,13239550,Воск и паста
139,Спортивные товары и товары для активного отдыха,Туризм,"Приготовление пищи, посуда туристическая",Растопка для костра,13776889,Очаги для костра
140,Одежда,Одежда мужская,Основная одежда мужская,"Толстовка, свитшот мужские",7811908,Толстовки
141,Канцелярские товары,Писче-бумажная продукция,"Ежедневники, еженедельники, планнер",Ежедневник датированный,90747,"Ежедневники, записные книжки"
142,Галантерея,Аксессуары,"Перчатки, варежки",Женские перчатки кожаные утепленные,7811940,Перчатки и варежки
143,Галантерея,Аксессуары,"Перчатки, варежки",Мужские варежки кожаные,7811940,Перчатки и варежки
144,Одежда,Одежда мужская,Основная одежда мужская,Водолазка мужская,7811909,Свитеры и кардиганы
145,"Мебель, интерьер и декор",Мебель,Компьютерная и офисная мебель,Кресло игровое,10785222,Компьютерные кресла
146,"Рукоделие, творчество, хобби",Хобби детское,Мозаика,Мозаика,13045526,Мозаика
147,Канцелярские товары,Писче-бумажная продукция,"Ежедневники, еженедельники, планнер",Еженедельник недатированный,90747,"Ежедневники, записные книжки"
148,Одежда,Одежда спортивная,Термобелье спортивное,Термобелье женское - штаны,8276627,Термобелье
149,Одежда,Одежда мужская,Основная одежда мужская,Кардиган мужской,7812161,Свитеры и кардиганы
150,Галантерея,Аксессуары,"Перчатки, варежки",Мужские перчатки кожаные утепленные,7811940,Перчатки и варежки
151,Обувь,Обувь мужская,Тапочки мужские,"Мужские Тапочки, чешки",7815004,Домашняя обувь
152,Спортивные товары и товары для активного отдыха,Зимние виды спорта,Лыжный спорт,Аксессуары для лыж,13098075,Сумки и чехлы
153,Спортивные товары и товары для активного отдыха,Зимние виды спорта,Лыжный спорт,Крепления для лыж,16217119,Крепления
154,Одежда,Одежда мужская,Основная одежда мужская,"Кофта, лонгслив мужские",7812151,Футболки и майки
155,Канцелярские товары,Писче-бумажная продукция,"Ежедневники, еженедельники, планнер",Еженедельник датированный,90747,"Ежедневники, записные книжки"
156,Одежда,"Домашняя одежда, ЧНИ, белье",Домашняя одежда женская,"Пижама, ночная сорочка женская",7811911,Домашняя одежда
157,Спортивные товары и товары для активного отдыха,Всесезонные виды спорта,Футбол,Щитки футбольные,294675,Спортивная защита
158,Спортивные товары и товары для активного отдыха,Зимние виды спорта,Лыжный спорт,Палки лыжные,287230,Палки
159,"Парфюмерия, косметика",Парфюмерия,Парфюмерия для мужчин,Парфюмерная вода мужская,15927546,Парфюмерия
160,"Рукоделие, творчество, хобби",Рисование для детей,Товары для художников,Медиум,1003092,Матрасы
161,"Парфюмерия, косметика",Косметика для ухода за волосами,Стайлинг для мужчин,Мусс для волос мужской,13239527,Мусс и пенка
162,"Мебель, интерьер и декор",Мебель,Компьютерная и офисная мебель,Компьютерные и офисные кресла,10785222,Компьютерные кресла
163,Продукты питания,Торты и пирожные (не кремовые),Торты (не кремовые),Торты (не кремовые),91340,"Торты, пирожные, бисквиты, коржи"
164,Галантерея,Бижутерия,Браслет бижу,Бижу браслет детский,10682603,Украшения для девочек
165,"Парфюмерия, косметика",Косметика для ухода за кожей,Уход за лицом и телом для мужчин,Наборы для ухода за лицом и телом мужские,8480738,Наборы
166,Одежда,Одежда мужская,Основная одежда мужская,Комплект одежды мужской,7940839,Футболки и майки
167,Обувь,Обувь мужская,Обувь мужская летняя,Мужские Шлепанцы,7815004,Домашняя обувь
168,Галантерея,Аксессуары,Головные уборы,Женская пляжная шляпа,7811935,Головные уборы
169,Одежда,Одежда мужская,Основная одежда мужская,Майка мужская,7940839,Футболки и майки
170,Галантерея,Кожгалантереи,"Ремень, пояс, подтяжки",Женский кожаный пояс,7812175,Ремни и пояса
171,"Рукоделие, творчество, хобби",Рисование для детей,Товары для художников,Маркеры для художников,13626061,Фломастеры
172,Одежда,"Домашняя одежда, ЧНИ, белье",Домашняя одежда женская,Комплект домашний женский,7811911,Домашняя одежда
173,Одежда,"Домашняя одежда, ЧНИ, белье",Домашняя одежда женская,"Платье, туника домашние",7811911,Домашняя одежда
174,Обувь,Обувь мужская,Обувь мужская летняя,Мужские Эспадрильи,7814995,Мокасины
175,Одежда,Одежда для беременных и кормящих,Основная одежда для беременных и кормящих,"Блуза, туника для беременных и кормящих",7811897,Блузки и кофточки
176,"Парфюмерия, косметика",Косметика для ухода за кожей,Набор косметики для ухода за кожей женский,Набор косметики для ухода за телом женский,8480738,Наборы
177,"Рукоделие, творчество, хобби",Рисование для детей,Товары для художников,Ручка для каллиграфии,13858511,Ручки
178,Электроника и электротовары,Фото и видео,Фотокамера,Зеркальная фотокамера,91148,Фотоаппараты
179,Галантерея,Кожгалантереи,"Ремень, пояс, подтяжки",Мужские подтяжки,15625487,Ремни и подтяжки
180,"Парфюмерия, косметика",Парфюмерия,Парфюмерия для мужчин,Одеколон мужской,15927546,Парфюмерия
181,Галантерея,Кожгалантереи,"Бумажник, портмоне, кошелек",Мужская Визитница/кредитница,7812198,Визитницы и кредитницы
182,Одежда,Одежда мужская,Основная одежда мужская,Свитер мужской,7811909,Свитеры и кардиганы
183,Спортивные товары и товары для активного отдыха,Зимние виды спорта,Лыжный спорт,Лыжный комплект,91532,Беговые лыжи
184,"Детские товары, игрушки",Спортивные товары для детей,Товары для подвижных игр,Игрушка-попрыгун,10683245,Мячи и прыгуны
185,"Детские товары, игрушки",Спортивные товары для детей,Спортивный комплекс детский,Домик игровой детский,10683242,Игровые домики и палатки
186,Галантерея,Путешествия,"Дорожные сумки, тележки",Сумка дорожная на колесах для путешествий,7812207,Чемоданы
187,Одежда,Одежда мужская,Основная одежда мужская,Жилет мужской,7812190,Жилеты
188,Галантерея,Аксессуары,"Перчатки, варежки",Мужские перчатки кожаные легкие,7811940,Перчатки и варежки
189,Галантерея,Аксессуары,Головные уборы,Бандана,7812845,Аксессуары
190,"Детские товары, игрушки",Спортивные товары для детей,"Снегокат, тюбинг, сноускейт, ледянка",Снегокат,13488218,Снегокаты
191,Галантерея,Бижутерия,Брелок бижу,Брелок для ключей бижу,7812196,Брелоки и ключницы
192,"Мебель, интерьер и декор",Авторская работа Хоум Декор,"Сувениры, подарки авторские",Браслет авторский,1634396,Браслеты
193,"Парфюмерия, косметика",Косметика для ухода за кожей,Средства для бритья мужские,Аксессуар для ухода за бородой,14990285,Для бороды и усов
194,"Мебель, интерьер и декор",Авторская работа Хоум Декор,"Сувениры, подарки авторские",Кольцо авторское,5081636,Комплекты
195,Галантерея,Аксессуары,Головные уборы,Женский комплект - головной убор + аксессуар,922144,Карнавальные костюмы
196,Ювелирные изделия,Серебро,Серьги серебро,Серебро серьги английский замок,91275,Серьги
197,Галантерея,Бижутерия,Браслет бижу,Бижу браслет незамкнутый женский,,
198,"Мебель, интерьер и декор",Авторская работа Хоум Декор,"Сувениры, подарки авторские","Бусы, колье, ожерелье авторское",1634399,Колье
199,"Мебель, интерьер и декор",Авторская работа Хоум Декор,"Сувениры, подарки авторские",Магнит авторский,13185111,Магниты
200,"Детские товары, игрушки",Спортивные товары для детей,Спортивный комплекс детский,Песочница,10683240,Песочницы
201,"Детские товары, игрушки",Спортивные товары для детей,Товары для подвижных игр,"Фингерборд, фингербайк",14949716,Игрушки-антистресс
202,"Парфюмерия, косметика",Парфюмерия,Парфюмерия для мужчин,Духи мужские,15927546,Парфюмерия
203,Канцелярские товары,Писче-бумажная продукция,"Ежедневники, еженедельники, планнер",Ежедневник детский,90747,"Ежедневники, записные книжки"
204,"Рукоделие, творчество, хобби",Рукоделие и творчество для взрослых,"Мозаика, гравюра, стразы",Гравюра,7850950,"Гравюры, литографии, карты"
205,Галантерея,Бижутерия,Браслет бижу,Бижу браслет жесткий женский,91277,Браслеты
206,Одежда,Одежда для беременных и кормящих,Домашняя одежда для беременных и кормящих,Костюм домашний для беременных и кормящих,7811972,Домашняя одежда
207,Галантерея,Кожгалантереи,"Бумажник, портмоне, кошелек",Мужской Бумажник,7812200,Кошельки
208,Одежда,Одежда для беременных и кормящих,Домашняя одежда для беременных и кормящих,"Ночная сорочка, пижама для беременных и кормящих",7811911,Домашняя одежда
209,"Мебель, интерьер и декор",Авторская работа Хоум Декор,"Сувениры, подарки авторские","Разное, сувениры авторские",14441498,Прочие сувениры
210,"Детские товары, игрушки",Товары для здоровья беременных и кормящих,Предметы для здоровья беременных и кормящих,Сумка для мам,7869391,Сумки для мам
211,"Детские товары, игрушки",Спортивные товары для детей,Спортивный комплекс детский,"Палатка, тоннель игровые детские",10683242,Игровые домики и палатки
212,Одежда,Одежда для беременных и кормящих,Основная одежда для беременных и кормящих,"Платье, сарафан для беременных и кормящих",7811956,Платья
213,Одежда,Одежда для беременных и кормящих,Основная одежда для беременных и кормящих,"Кофта, толстовка, водолазка для беременных",7812081,Свитеры и кардиганы
214,Одежда,Одежда для беременных и кормящих,Основная одежда для беременных и кормящих,"Брюки, леггинсы, лосины для беременных",7812906,Брюки
215,Одежда,Одежда мужская,Основная одежда мужская,Пуловер мужской,7811909,Свитеры и кардиганы
216,Одежда,Одежда мужская,Основная одежда мужская,Жакет мужской,7811899,Жакеты
217,Спортивные товары и товары для активного отдыха,Зимние виды спорта,Лыжный спорт,Мини лыжи,91532,Беговые лыжи
218,"Детские товары, игрушки",Товары для детской комнаты,Декор для детской,Ростомер,13526449,Ростомеры
219,Обувь,Обувь мужская,Обувь мужская летняя,Мужские Сандалии,7920671,Сандалии
220,"Парфюмерия, косметика",Косметические аксессуары,Парикмахерские принадлежности,Ножницы и бритвы парикмахерские,16642686,Инструменты парикмахера и сумки для инструмента
221,Спортивные товары и товары для активного отдыха,Всесезонные виды спорта,Футбол,Бутсы,8268550,Обувь для спорта
222,Галантерея,Аксессуары,Головные уборы,Женская повязка на голову утепленная,14993483,"Резинки, ободки, повязки"
223,Спортивные товары и товары для активного отдыха,Всесезонные виды спорта,Бокс,Шлем для бокса,294675,Спортивная защита
224,Ювелирные изделия,Серебро,Серьги серебро,Серебро серьги длинные,91275,Серьги
225,Одежда,"Домашняя одежда, ЧНИ, белье",Домашняя одежда женская,"Брюки, шорты, леггинсы домашние женские",7812906,Брюки
226,Галантерея,Бижутерия,Браслет бижу,Бижу браслет с подвесками,10682603,Украшения для девочек
227,"Детские товары, игрушки",Товары для детской комнаты,Декор для детской,"Шкатулка, копилка детская",6858918,Копилки
228,Продукты питания,Кондитерские изделия,Восточные сладости,Щербет,278342,"Картины, постеры, гобелены, панно"
229,"Мебель, интерьер и декор",Авторская работа Хоум Декор,"Сувениры, подарки авторские",Колокольчик авторский,14441498,Прочие сувениры
230,Галантерея,Сумки,Сумка мужская,Барсетка,7812201,Сумки
231,"Детские товары, игрушки",Спортивные товары для детей,Спортивный комплекс детский,"Качели, качалка детские",10683232,Качели
232,Обувь,Обувь мужская,Обувь мужская летняя,Мужские Мокасины,7814995,Мокасины
233,"Мебель, интерьер и декор",Авторская работа Хоум Декор,"Сувениры, подарки авторские",Игрушка авторская,10682610,Мягкие игрушки
234,"Мебель, интерьер и декор",Авторская работа Хоум Декор,"Сувениры, подарки авторские",Елочная игрушка авторская,10563370,Елочные украшения
235,Продукты питания,Кондитерские изделия,Восточные сладости,Нуга,14994924,Краски
236,Одежда,Одежда мужская,Основная одежда мужская,Блейзер мужской,7811899,Жакеты
237,"Мебель, интерьер и декор",Авторская работа Хоум Декор,"Сувениры, подарки авторские",Брелок авторский,7812196,Брелоки и ключницы
238,Галантерея,Бижутерия,Браслет бижу,Бижу браслет из бусин,1634396,Браслеты
239,"Детские товары, игрушки",Товары для детской комнаты,Декор для детской,Фоторамка детская,14698788,Фоторамки
240,Галантерея,Бижутерия,Браслет бижу,Бижу комплект браслетов женский,,
241,Спортивные товары и товары для активного отдыха,Всесезонные виды спорта,Бокс,Боксерки,14730866,Боксерские
242,Одежда,Одежда для беременных и кормящих,Основная одежда для беременных и кормящих,Комплект одежды для беременных и кормящих,7811956,Платья
243,Одежда,Одежда мужская,Основная одежда мужская,Костюм мужской,922144,Карнавальные костюмы
244,"Рукоделие, творчество, хобби",Рисование для детей,Товары для художников,Маркер для скетчинга,13626061,Фломастеры
245,"Детские товары, игрушки",Товары для детской комнаты,Декор для детской,Аксессуары для декора детской,13626724,Украшения и декоративные элементы
246,"Парфюмерия, косметика",Парфюмерия,Парфюмерия для мужчин,Парфюмерный набор мужской,15927546,Парфюмерия
247,"Парфюмерия, косметика",Косметические аксессуары,Парикмахерские принадлежности,"Зажимы, заколки, валики парикмахерские",14993459,Заколки
248,"Парфюмерия, косметика",Косметические аксессуары,Парикмахерские принадлежности,Прочие парикмахерские принадлежности,16642686,Инструменты парикмахера и сумки для инструмента
249,"Парфюмерия, косметика",Косметические аксессуары,Парикмахерские принадлежности,"Мерные емкости, распылители парикмахерские",12500996,Мерные емкости и сита
250,"Парфюмерия, косметика",Косметические аксессуары,Парикмахерские принадлежности,"Шапочки, пеньюары, палерины для парикмахерских",16643192,Принадлежности для парикмахерских
251,"Парфюмерия, косметика",Косметические аксессуары,Парикмахерские принадлежности,"Перчатки, фартуки, халаты парикмахерские",12501736,"Рукавицы, прихватки, фартуки"
252,"Мебель, интерьер и декор",Мебель,Компьютерная и офисная мебель,Компьютерные и офисные столы,10785221,Компьютерные и письменные столы
253,"Мебель, интерьер и декор",Мебель,Компьютерная и офисная мебель,Офисные тумбы,7286537,Тумбы
254,Галантерея,Бижутерия,Браслет бижу,Бижу браслет кожаный,1634396,Браслеты
255,Галантерея,Сумки,Сумка мужская,"Мужской Портфель, папка",7920819,Портфели
256,Ювелирные изделия,Серебро,Серьги серебро,Серебро серьги-пусеты,91275,Серьги
257,Галантерея,Аксессуары,Головные уборы,Женская панама,7812019,Головные уборы
258,Галантерея,Бижутерия,Браслет бижу,Бижу браслет анклет (на ногу),16742659,Украшения на тело
259,"Мебель, интерьер и декор",Авторская работа Хоум Декор,"Сувениры, подарки авторские",Упаковка авторская,91299,Подарочная упаковка
260,"Мебель, интерьер и декор",Коллекционирование Хоум Декор,Аксессуары для коллекционирования,Аксессуары для коллекционирования марок,6101499,Нумизматика и филателия
261,Спортивные товары и товары для активного отдыха,Всесезонные виды спорта,Бокс,"Майка, трусы боксерские",7812177,Трусы
262,Одежда,"Домашняя одежда, ЧНИ, белье",Домашняя одежда мужская,Халат мужской,7812163,Домашняя одежда
263,"Детские товары, игрушки",Спортивные товары для детей,Спортивный комплекс детский,Спорткомплекс домашний детский,10683235,Игровые и спортивные комплексы и горки
264,"Детские товары, игрушки",Спортивные товары для детей,Спортивный комплекс детский,Горка детская,10683235,Игровые и спортивные комплексы и горки
265,Продукты питания,Бакалея,Пищевые материалы,Оболочка для колбас,15753350,Субпродукты мясные
266,Одежда,Одежда спортивная,Термобелье спортивное,Термобелье женское - комплект,8276627,Термобелье
267,Галантерея,Аксессуары,"Перчатки, варежки",Женские перчатки трикотажные,7811940,Перчатки и варежки
268,Одежда,"Домашняя одежда, ЧНИ, белье",Домашняя одежда женская,Лонгслив домашний женский,7811902,Футболки и топы
269,"Детские товары, игрушки",Спортивные товары для детей,Товары для подвижных игр,Рогатка игрушечная,10682597,Игрушечное оружие и бластеры
270,"Мебель, интерьер и декор",Мебель,Компьютерная и офисная мебель,Парта,11870336,Парты и столы
271,"Детские товары, игрушки",Спортивные товары для детей,Спортивный комплекс детский,Спорткомплекс для улицы детский,10683235,Игровые и спортивные комплексы и горки
272,Ювелирные изделия,Серебро,Серьги серебро,Серебро серьги люстры,91275,Серьги
273,Галантерея,Бижутерия,Браслет бижу,Бижу браслет глидерный,,
274,"Детские товары, игрушки",Спортивные товары для детей,Спортивный комплекс детский,Спорткомплекс надувной детский,10683235,Игровые и спортивные комплексы и горки
275,Одежда,"Домашняя одежда, ЧНИ, белье",Домашняя одежда мужская,"Брюки, шорты, леггинсы домашние мужские",7812053,Брюки и шорты
276,"Мебель, интерьер и декор",Авторская работа Хоум Декор,"Сувениры, подарки авторские",Брошь авторская,1634439,Броши
277,Галантерея,Кожгалантереи,"Ремень, пояс, подтяжки",Мужской кожаный ремень,7812175,Ремни и пояса
278,"Мебель, интерьер и декор",Мебель,Компьютерная и офисная мебель,Игровые столы,4017798,Игровые столы
279,Одежда,Одежда для беременных и кормящих,Домашняя одежда для беременных и кормящих,Халат для беременных и кормящих,7811972,Домашняя одежда
280,Галантерея,Сумки,Сумка мужская,Мужская Сумка на пояс,7812201,Сумки
281,"Мебель, интерьер и декор",Авторская работа Хоум Декор,"Сувениры, подарки авторские",Комплект украшений авторский,13626503,Наборы для создания украшений
282,"Детские товары, игрушки",Спортивные товары для детей,Товары для подвижных игр,"Фрисби, планер",10683249,Фрисби
283,"Детские товары, игрушки",Спортивные товары для детей,Товары для подвижных игр,Воздушный змей,10683241,Воздушные змеи
284,Ювелирные изделия,Серебро,Серьги серебро,"Серебро серьги, клипсы детские",1634405,Серьги
285,Галантерея,Аксессуары,"Перчатки, варежки",Мужские перчатки авто,7812170,Перчатки и варежки
286,Одежда,Одежда для беременных и кормящих,Основная одежда для беременных и кормящих,"Джемпер, кардиган для беременных и кормящих",7812081,Свитеры и кардиганы
287,Галантерея,Сумки,Сумка мужская,Мужская Сумка-планшет,7812201,Сумки
288,Одежда,"Домашняя одежда, ЧНИ, белье",Домашняя одежда мужская,Пижама мужская,7811911,Домашняя одежда
289,Продукты питания,Кондитерские изделия,Восточные сладости,Джезерье,91344,Восточные сладости
290,Галантерея,Сумки,Сумка мужская,Мужская Сумка с ручками,7812201,Сумки
291,"Рукоделие, творчество, хобби",Рисование для детей,Товары для художников,Держатель для пера,91502,Держатели для мобильных устройств
292,Ювелирные изделия,Серебро,Серьги серебро,Серебро серьги французский замок,91275,Серьги
293,Ювелирные изделия,Серебро,Серьги серебро,Серебро серьги протяжки,91275,Серьги
294,Одежда,"Домашняя одежда, ЧНИ, белье",Домашняя одежда мужская,Футболка домашняя мужская,7812151,Футболки и майки
295,Одежда,"Домашняя одежда, ЧНИ, белье",Домашняя одежда женская,Футболка домашняя женская,7811902,Футболки и топы
296,Одежда,"Домашняя одежда, ЧНИ, белье",Домашняя одежда мужская,Лонгслив домашний мужской,7812151,Футболки и майки
297,Одежда,"Домашняя одежда, ЧНИ, белье",Домашняя одежда мужская,Толстовка домашняя мужская,7812158,Толстовки
298,Ювелирные изделия,Серебро,Серьги серебро,Серебро серьги конго (кольца),91275,Серьги
299,Ювелирные изделия,Серебро,Серьги серебро,Серебро серьга одиночная (моно) женская,16742536,Украшения на тело
300,Спортивные товары и товары для активного отдыха,Туризм,"Приготовление пищи, посуда туристическая","Газовая горелка с баллоном, баллон",13446358,Туристические горелки
301,Продукты питания,Кондитерские изделия,Восточные сладости,Козинаки,91344,Восточные сладости
302,Канцелярские товары,Писче-бумажная продукция,"Бланки, этикетки",Бланк бухгалтерский,90753,"Бухгалтерские книги, бланки, формы"
303,Галантерея,Аксессуары,Головные уборы,Наушники зимние,90555,Наушники и Bluetooth-гарнитуры
304,Галантерея,Аксессуары,"Перчатки, варежки",Муфта,13525592,Аксессуары для колясок и автокресел
305,Галантерея,Бижутерия,Браслет бижу,Бижу браслет со вставками мужской,1634396,Браслеты
306,"Мебель, интерьер и декор",Авторская работа Хоум Декор,"Сувениры, подарки авторские",Запонки авторские,16742647,Запонки и зажимы
307,Канцелярские товары,Писче-бумажная продукция,"Ежедневники, еженедельники, планнер",Ежедневник будущей мамы,90747,"Ежедневники, записные книжки"
308,"Парфюмерия, косметика",Косметические аксессуары,Парикмахерские принадлежности,"Расчески, брашинги парикмахерские",13243353,Расчески и щетки
309,Одежда,Одежда для беременных и кормящих,Основная одежда для беременных и кормящих,Футболка для беременных,7811968,Футболки и майки
310,Спортивные товары и товары для активного отдыха,Всесезонные виды спорта,Футбол,Манишка для футбола,7940839,Футболки и майки
311,Ювелирные изделия,Серебро,Серьги серебро,Серебро серьги зажимы женские,91275,Серьги
312,"Мебель, интерьер и декор",Авторская работа Хоум Декор,"Сувениры, подарки авторские",Кукла авторская,10682550,Куклы и пупсы
313,"Мебель, интерьер и декор",Авторская работа Хоум Декор,"Сувениры, подарки авторские","Обложка, чехол авторские",7812199,Обложки для документов
314,Одежда,"Домашняя одежда, ЧНИ, белье",Домашняя одежда женская,Толстовка домашняя женская,7811908,Толстовки
315,Галантерея,Путешествия,"Дорожные сумки, тележки",Бьюти-кейс дорожный,7812212,Косметички и бьюти-кейсы
316,"Рукоделие, творчество, хобби",Рисование для детей,Товары для художников,Перо,13858511,Ручки
317,"Рукоделие, творчество, хобби",Хобби детское,Моделирование,Дополнения для сборных моделей,10683226,Сборные модели
318,"Парфюмерия, косметика",Косметика для ухода за волосами,Стайлинг для мужчин,Глина для укладки мужская,13239550,Воск и паста
319,Галантерея,Путешествия,"Дорожные сумки, тележки",Портплед,7812208,Дорожные и спортивные сумки
320,"Мебель, интерьер и декор",Коллекционирование Хоум Декор,Аксессуары для коллекционирования,Капсула для монет,6101499,Нумизматика и филателия
321,Ювелирные изделия,Серебро,Серьги серебро,Серебро серьга одиночная (моно) мужская,16742536,Украшения на тело
322,Галантерея,Кожгалантереи,"Бумажник, портмоне, кошелек",Мужская Ключница,7812196,Брелоки и ключницы
323,Галантерея,Кожгалантереи,"Ремень, пояс, подтяжки",Женский текстильный пояс,7812175,Ремни и пояса
324,"Мебель, интерьер и декор",Авторская работа Хоум Декор,"Сувениры, подарки авторские","Принт, плакат авторский",13482954,Обучающие плакаты
325,"Детские товары, игрушки","Игрушки, игры, развивающие игры",Конструктор,Конструктор LEGO,10470548,Конструкторы
326,"Детские товары, игрушки","Игрушки, игры, развивающие игры",Конструктор,Конструктор пластиковый,10470548,Конструкторы
327,"Детские товары, игрушки","Игрушки, игры, развивающие игры",Конструктор,Конструктор мягкий,10470548,Конструкторы
328,"Рукоделие, творчество, хобби",Рисование для детей,"Набор для рисования, росписи для детей",Набор для рисования детский,13626237,Доски и мольберты
329,"Рукоделие, творчество, хобби",Рисование для детей,"Набор для рисования, росписи для детей",Набор для росписи детский,15510336,Роспись предметов
330,Программное обеспечение,Компьютерные и видеоигры,Видеоигры,Видеоигра,14960839,Игры для приставок и ПК
331,"Детские товары, игрушки","Игрушки, игры, развивающие игры",Конструктор,Конструктор бумажный,10470548,Конструкторы
332,"Рукоделие, творчество, хобби",Хобби детское,Головоломка,Головоломка,13488571,Головоломки
333,"Рукоделие, творчество, хобби",Рукоделие и творчество для детей,"Набор для детского рукоделия, творчества","Набор для изготовления игрушки, куклы детский",15525081,Изготовление кукол и игрушек
334,"Детские товары, игрушки","Игрушки, игры, развивающие игры",Фигурки,Фигурки и аксессуары,10683227,Игровые наборы и фигурки
335,Книги,Календари,Календари,Календари,91008,Календари
336,"Рукоделие, творчество, хобби",Рукоделие и творчество для детей,Лепка для детей,Лепка из пластилина для детей,10792924,Пластилин и масса для лепки
337,"Мебель, интерьер и декор",Предмет интерьера,Принадлежности для нового года,Наклейки и трафареты новогодние,14994948,"Наклейки, трафареты, фольга"
338,"Детские товары, игрушки","Игрушки, игры, развивающие игры",Радиоуправляемая игрушка,Модель автомобиля р/у,"10682592,14808696","Машинки и техника,Радиоуправляемые игрушки"
339,"Рукоделие, творчество, хобби",Хобби детское,"Научно-познавательные материалы, приборы","Набор для исследований, экспериментов",10790731,Наборы для исследований
340,"Рукоделие, творчество, хобби",Рукоделие и творчество для детей,"Набор для детского рукоделия, творчества",Набор развивающий для творчества детский,6430985,Поделки и аппликации
341,"Парфюмерия, косметика",Косметические средства для детей и беременных,Детская декоративная косметика,Лак для ногтей детский,4748058,Лак для ногтей
342,"Парфюмерия, косметика",Косметические средства для детей и беременных,Детская декоративная косметика,Душистая вода детская,8480736,Косметика и духи
343,"Рукоделие, творчество, хобби",Рукоделие и творчество для детей,Лепка для детей,Лепка из глины для детей,13625828,Глина
344,"Рукоделие, творчество, хобби",Рукоделие и творчество для детей,"Набор для детского рукоделия, творчества",Набор для папье-маше детский,6430985,Поделки и аппликации
345,"Парфюмерия, косметика",Косметические средства для детей и беременных,Детская декоративная косметика,Блеск для губ детский,8480752,Блески и тинты
346,"Детские товары, игрушки","Игрушки, игры, развивающие игры",Конструктор,Конструктор деревянный,10470548,Конструкторы
347,"Рукоделие, творчество, хобби",Рукоделие и творчество для детей,"Набор для детского рукоделия, творчества","Набор для аппликаций, коллажей детский",6430985,Поделки и аппликации
348,"Детские товары, игрушки","Игрушки, игры, развивающие игры",Радиоуправляемая игрушка,Военная техника р/у,10682592,Машинки и техника
349,"Мебель, интерьер и декор",Предмет интерьера,Принадлежности для нового года,Елочное украшение новогоднее,10563370,Елочные украшения
350,"Мебель, интерьер и декор",Предмет интерьера,Принадлежности для нового года,Украшение новогоднее интерьерное,543488,Новогодний декор
351,"Мебель, интерьер и декор",Предмет интерьера,Принадлежности для нового года,Шары елочные новогодние,10563370,Елочные украшения
352,"Мебель, интерьер и декор",Предмет интерьера,Принадлежности для нового года,Елка напольная новогодняя,543487,Елки искусственные
353,"Мебель, интерьер и декор",Предмет интерьера,Принадлежности для нового года,Елка настольная новогодняя,543487,Елки искусственные
354,"Рукоделие, творчество, хобби",Рукоделие и творчество для детей,Лепка для детей,Приспособление для лепки для детей,10792924,Пластилин и масса для лепки
355,"Рукоделие, творчество, хобби",Рукоделие и творчество для детей,"Набор для детского рукоделия, творчества","Набор для создания украшений, аксессуаров детский",13626503,Наборы для создания украшений
356,"Детские товары, игрушки","Игрушки, игры, развивающие игры",Фигурки,Трансформер,10682618,Роботы и трансформеры
357,"Детские товары, игрушки","Игрушки, игры, развивающие игры",Радиоуправляемая игрушка,Машинка р/у,10682592,Машинки и техника
358,Электроника и электротовары,Игровые приставки и аксессуары,Сумка для игровой приставки,Сумка для игровой приставки,186461,Аксессуары
359,"Детские товары, игрушки","Игрушки, игры, развивающие игры",Оружие игрушечное,Бластер,10682597,Игрушечное оружие и бластеры
360,Электроника и электротовары,Игровые приставки и аксессуары,Игровая атрибутика,"Игровая атрибутика, фигурки персонажей",10683227,Игровые наборы и фигурки
361,"Мебель, интерьер и декор",Предмет интерьера,Принадлежности для нового года,Электрогирлянда новогодняя,543488,Новогодний декор
362,"Мебель, интерьер и декор",Предмет интерьера,Принадлежности для нового года,Светящаяся фигура новогодняя,989179,Новогодние фигурки и сувениры
363,"Мебель, интерьер и декор",Предмет интерьера,Принадлежности для нового года,Мешок для подарков новогодний,91299,Подарочная упаковка
364,"Мебель, интерьер и декор",Предмет интерьера,Принадлежности для нового года,"Мишура, дождик новогодние",543488,Новогодний декор
365,"Мебель, интерьер и декор",Предмет интерьера,Принадлежности для нового года,"Свеча, подсвечник новогодние",12859763,Подсвечники
366,"Мебель, интерьер и декор",Предмет интерьера,Принадлежности для нового года,"Костюм, колпак, грим, маска новогодние",922144,Карнавальные костюмы
367,"Мебель, интерьер и декор",Предмет интерьера,Принадлежности для нового года,Гирлянда-растяжка новогодняя,543488,Новогодний декор
368,"Мебель, интерьер и декор",Предмет интерьера,Принадлежности для нового года,Сувенир новогодний,989179,Новогодние фигурки и сувениры
369,"Рукоделие, творчество, хобби",Рукоделие и творчество для детей,"Набор для детского рукоделия, творчества",Набор для изготовления мыла детский,10792934,Наборы для мыловарения
370,"Рукоделие, творчество, хобби",Рукоделие и творчество для детей,"Набор для детского рукоделия, творчества",Набор для создания различных поделок детский,6430985,Поделки и аппликации
371,"Детские товары, игрушки","Игрушки, игры, развивающие игры",Конструктор,Конструктор магнитный,10470548,Конструкторы
372,"Рукоделие, творчество, хобби",Хобби детское,"Научно-познавательные материалы, приборы","Микроскоп, телескоп детский",10790732,Детские микроскопы и телескопы
373,"Мебель, интерьер и декор",Предмет интерьера,Принадлежности для нового года,"Хлопушка, конфетти, серпантин новогодние",215930,Фейерверки
374,"Детские товары, игрушки","Игрушки, игры, развивающие игры",Радиоуправляемая игрушка,Игрушка р/у,14808696,Радиоуправляемые игрушки
375,"Рукоделие, творчество, хобби",Рукоделие и творчество для детей,"Набор для детского рукоделия, творчества",Набор для создания фоторамки детский,6430985,Поделки и аппликации
376,"Рукоделие, творчество, хобби",Рукоделие и творчество для детей,"Набор для детского рукоделия, творчества",Набор для создания барельефа детский,15845159,Гипс
377,"Рукоделие, творчество, хобби",Рукоделие и творчество для детей,"Набор для детского рукоделия, творчества",Набор для создания гравюры детский,13626140,Гравюры
378,"Детские товары, игрушки","Игрушки, игры, развивающие игры",Мягкая игрушка,Мягкая игрушка - кино и мультгерои,10682610,Мягкие игрушки
379,"Детские товары, игрушки","Игрушки, игры, развивающие игры",Радиоуправляемая игрушка,Робот р/у,10682618,Роботы и трансформеры
380,"Детские товары, игрушки","Игрушки, игры, развивающие игры",Оружие игрушечное,"Автомат, пистолет, ружье игрушечные",10682597,Игрушечное оружие и бластеры
381,"Детские товары, игрушки","Игрушки, игры, развивающие игры",Оружие игрушечное,"Патроны, пули, мишень игрушечные",10682597,Игрушечное оружие и бластеры
382,Текстиль,Столовый текстиль,Набор столовый,Набор столовый,90693,Столовые приборы
383,Спортивные товары и товары для активного отдыха,Рыбалка,Зимняя рыбалка,Ледобур рыболовный,7775900,Ледобуры
384,Спортивные товары и товары для активного отдыха,Рыбалка,Зимняя рыбалка,Палатка зимняя для рыбалки,91519,Палатки
385,"Рукоделие, творчество, хобби",Рукоделие и творчество для детей,"Набор для детского рукоделия, творчества","Набор для создания косметики, духов детский",8480736,Косметика и духи
386,Программное обеспечение,Цифровой контент,Код активации,Код активации,16762959,Контрольно-кассовая техника
387,"Рукоделие, творчество, хобби",Рукоделие и творчество для детей,Лепка для детей,Лепка из песка для детей,13626085,Фрески
388,"Детские товары, игрушки","Игрушки, игры, развивающие игры",Мягкая игрушка,Мягкая игрушка,10682610,Мягкие игрушки
389,"Детские товары, игрушки","Игрушки, игры, развивающие игры",Оружие игрушечное,"Боевое снаряжение, доспехи игрушечные",10682597,Игрушечное оружие и бластеры
390,"Детские товары, игрушки","Игрушки, игры, развивающие игры",Радиоуправляемая игрушка,"Самолеты, вертолеты, квадрокоптеры р/у",14808696,Радиоуправляемые игрушки
391,"Рукоделие, творчество, хобби",Рукоделие и творчество для детей,Лепка для детей,Лепка из массы для детей,10792924,Пластилин и масса для лепки
392,"Рукоделие, творчество, хобби",Рукоделие и творчество для детей,"Набор для детского рукоделия, творчества",Набор для создания фресок детский,13626085,Фрески
393,"Рукоделие, творчество, хобби",Рукоделие и творчество для детей,"Набор для детского рукоделия, творчества",Набор для изготовления свечей детский,15521912,Изготовление свечей
394,"Рукоделие, творчество, хобби",Рукоделие и творчество для детей,"Набор для детского рукоделия, творчества",Набор для поделок из дерева детский,6430985,Поделки и аппликации
395,"Рукоделие, творчество, хобби",Рукоделие и творчество для детей,"Набор для детского рукоделия, творчества",Набор для фокусов детский,10682647,Настольные игры
396,"Мебель, интерьер и декор",Предмет интерьера,Принадлежности для нового года,"Фигуры деда мороза, снегурчки, снеговика",989179,Новогодние фигурки и сувениры
397,"Мебель, интерьер и декор",Предмет интерьера,Принадлежности для нового года,Подарочная упаковка новогодняя,91299,Подарочная упаковка
398,Продукты питания,Кондитерские изделия,Кондитерские изделия,Жевательная резинка,91346,Жевательная резинка
399,Продукты питания,Кондитерские изделия,Конфеты,Конфеты,15714102,"Конфеты в коробках, подарочные наборы"
400,"Рукоделие, творчество, хобби",Рукоделие и творчество для детей,Вышивание для детей,Набор для вышивания детский,6430983,Наборы для вышивания
401,"Рукоделие, творчество, хобби",Рукоделие и творчество для детей,"Набор для детского рукоделия, творчества","Набор для создания поделок из бумаги, картона деткий",6430985,Поделки и аппликации
402,"Рукоделие, творчество, хобби",Рукоделие и творчество для детей,"Набор для детского рукоделия, творчества",Набор для создания поделок с магнитами детский,6430985,Поделки и аппликации
403,"Рукоделие, творчество, хобби",Рукоделие и творчество для детей,Лепка для детей,Лепка из теста для детей,10792924,Пластилин и масса для лепки
404,Продукты питания,Кондитерские изделия,Конфеты,Марципан,15714102,"Конфеты в коробках, подарочные наборы"
405,"Рукоделие, творчество, хобби",Рукоделие и творчество для детей,Лепка для детей,Лепка из гипса для детей,15845159,Гипс
406,Галантерея,Бижутерия,Брошь бижу,Значок,1568900,"Дипломы, медали, значки"
407,"Детские товары, игрушки","Игрушки, игры, развивающие игры",Мягкая игрушка,Мягкая игрушка - антистресс,10682610,Мягкие игрушки
408,Продукты питания,Кондитерские изделия,Конфеты,Леденец,15714135,"Конфеты, карамель, леденцы"
409,"Парфюмерия, косметика",Косметические средства для детей и беременных,Детская декоративная косметика,Лак для волос детский,13239503,Лаки и спреи
410,"Рукоделие, творчество, хобби",Рукоделие и творчество для детей,"Набор для детского рукоделия, творчества",Набор для создания открытки детский,6430985,Поделки и аппликации
411,Продукты питания,Кондитерские изделия,Шоколад,Плиточный шоколад,16011677,Шоколадная плитка
412,"Детские товары, игрушки","Игрушки, игры, развивающие игры",Оружие игрушечное,"Меч, кинжал игрушечные",10682597,Игрушечное оружие и бластеры
413,Продукты питания,Кондитерские изделия,Шоколад,Шоколадный батончик,16011796,Шоколадные батончики
414,Продукты питания,Кондитерские изделия,Шоколад,Фигурный шоколад,15714105,Шоколадные яйца и фигурный шоколад
415,Одежда,Карнавальные костюмы,Карнавальные костюмы,Карнавальный костюм для девочки,15625452,Карнавальные костюмы
416,"Рукоделие, творчество, хобби",Рукоделие и творчество для детей,"Набор для детского рукоделия, творчества",Набор для валяния детский,6439639,Валяние
417,"Парфюмерия, косметика",Косметические средства для детей и беременных,Детская декоративная косметика,Набор детской декоративной косметики,8480736,Косметика и духи
418,"Детские товары, игрушки","Игрушки, игры, развивающие игры",Конструктор,Конструктор металлический,10470548,Конструкторы
419,Продукты питания,Кондитерские изделия,Шоколад,Шоколадное яйцо,15714105,Шоколадные яйца и фигурный шоколад
420,"Детские товары, игрушки","Игрушки, игры, развивающие игры",Оружие игрушечное,Водное оружие,10682597,Игрушечное оружие и бластеры
421,"Детские товары, игрушки","Игрушки, игры, развивающие игры",Оружие игрушечное,Оружие игрушечное разное,10682597,Игрушечное оружие и бластеры
422,Галантерея,Бижутерия,Брошь бижу,Бижу брошь женская,1634439,Броши
423,Спортивные товары и товары для активного отдыха,Рыбалка,Зимняя рыбалка,Сани для зимней рыбалки,91572,Ледянки
424,"Детские товары, игрушки","Игрушки, игры, развивающие игры",Мягкая игрушка,Мягкая игрушка на руку,10682610,Мягкие игрушки
425,"Рукоделие, творчество, хобби",Рукоделие и творчество для детей,"Набор для детского рукоделия, творчества",Набор для создания объемной картинки детский,6430985,Поделки и аппликации
426,Галантерея,Бижутерия,Брошь бижу,Бижу брошь детская,1634439,Броши
427,Одежда,Карнавальные костюмы,Карнавальные костюмы,Карнавальный костюм для мальчика,15625452,Карнавальные костюмы
428,"Рукоделие, творчество, хобби",Хобби детское,"Научно-познавательные материалы, приборы",Бинокль детский,226665,Бинокли и зрительные трубы
429,"Рукоделие, творчество, хобби",Хобби детское,"Научно-познавательные материалы, приборы",Анатомическая модель,10790731,Наборы для исследований
430,"Детские товары, игрушки","Игрушки, игры, развивающие игры",Радиоуправляемая игрушка,Строительная и спецтехника р/у,10682592,Машинки и техника
431,"Детские товары, игрушки","Игрушки, игры, развивающие игры",Радиоуправляемая игрушка,Водный транспорт р/у,14808696,Радиоуправляемые игрушки
432,"Детские товары, игрушки","Игрушки, игры, развивающие игры",Оружие игрушечное,"Арбалет, лук игрушечные",10682597,Игрушечное оружие и бластеры
433,Продукты питания,Кондитерские изделия,Кондитерские изделия,Сахарная вата,90603,Прочая техника
434,"Рукоделие, творчество, хобби",Рукоделие и творчество для детей,"Набор для детского рукоделия, творчества",Набор для создания витража детский,13755058,Витражная роспись
435,Продукты питания,Кондитерские изделия,Кондитерские изделия,Кондитерские изделия,15714122,"Печенье, крекер"
436,"Рукоделие, творчество, хобби",Хобби детское,Головоломка,Принадлежность для головоломки,13488571,Головоломки
437,"Детские товары, игрушки","Игрушки, игры, развивающие игры",Мягкая игрушка,Мягкая игрушка - подушка,10682610,Мягкие игрушки
438,Одежда,Карнавальные костюмы,Карнавальные костюмы,Карнавальный костюм мужской,922144,Карнавальные костюмы
439,Спортивные товары и товары для активного отдыха,Зимние виды спорта,Фигурное катание,Коньки фигурные женские,91543,Коньки
440,Спортивные товары и товары для активного отдыха,Зимние виды спорта,Фигурное катание,Коньки фигурные женские раздвижные,91543,Коньки
441,Продукты питания,Кондитерские изделия,Кондитерские изделия,Трубочка для молока,16335303,Десерты и пудинги
442,"Рукоделие, творчество, хобби",Рукоделие и творчество для детей,Лепка для детей,Набор для слепков новорожденных,15845159,Гипс
443,Спортивные товары и товары для активного отдыха,Зимние виды спорта,Фигурное катание,Коньки фигурные детские раздвижные,91543,Коньки
444,Спортивные товары и товары для активного отдыха,Зимние виды спорта,Фигурное катание,Коньки фигурные детские,91543,Коньки
445,"Парфюмерия, косметика",Косметические средства для детей и беременных,Детская декоративная косметика,Тени для век детские,4748064,Тени
446,Продукты питания,Кондитерские изделия,Кондитерские изделия,Безе,15719820,Посыпки и украшения для кондитерских изделий
447,"Детские товары, игрушки","Игрушки, игры, развивающие игры",Мягкая игрушка,Мягкая игрушка - герои видеоигр,10682610,Мягкие игрушки
448,"Детские товары, игрушки","Игрушки, игры, развивающие игры",Оружие игрушечное,Стрелялки игрушечные,10682597,Игрушечное оружие и бластеры
449,"Детские товары, игрушки","Игрушки, игры, развивающие игры",Радиоуправляемая игрушка,Мотоцикл р/у,90793,Электромобили
450,Одежда,Карнавальные костюмы,Карнавальные костюмы,Кигуруми для девочки,17738783,Кигуруми
451,"Парфюмерия, косметика",Декоративная косметика,Макияж тела,Средство для макияжа тела,8476098,Очищение и снятие макияжа
452,Спортивные товары и товары для активного отдыха,Зимние виды спорта,Фигурное катание,Коньки фигурные мужские раздвижные,91543,Коньки
453,Одежда,Карнавальные костюмы,Карнавальные костюмы,Кигуруми для мальчика,17738764,Кигуруми
454,"Мебель, интерьер и декор",Предмет интерьера,Принадлежности для нового года,"Подставка, коврик под елку",543487,Елки искусственные
455,"Парфюмерия, косметика",Косметические средства для детей и беременных,Детская декоративная косметика,Стикеры для ногтей детские,14994948,"Наклейки, трафареты, фольга"
456,"Мебель, интерьер и декор",Предмет интерьера,Принадлежности для нового года,Елка уличная новогодняя,543487,Елки искусственные
457,Электроника и электротовары,Оборудование,"Оборудование для кафе, ресторанов",Весы электронные профессиональные,90567,Напольные весы
458,Спортивные товары и товары для активного отдыха,Зимние виды спорта,Фигурное катание,Чехлы для коньков для фигурного катания,91543,Коньки
459,Программное обеспечение,Цифровой контент,Код активации,Цифровое ПО для работы - антивирус,10983253,Программы
460,"Мебель, интерьер и декор",Предмет интерьера,Принадлежности для нового года,"Шишки, ветки и цветы декоративные новогодние",543488,Новогодний декор
461,"Мебель, интерьер и декор",Предмет интерьера,Принадлежности для нового года,Венок новогодний,543488,Новогодний декор
462,Программное обеспечение,Цифровой контент,Код активации,Цифровое ПО для работы - Офисная программа,10983253,Программы
463,Программное обеспечение,Цифровой контент,Код активации,Цифровое ПО обучающее,,
464,"Мебель, интерьер и декор",Предмет интерьера,Принадлежности для нового года,Статуэтка новогодняя,989179,Новогодние фигурки и сувениры
465,"Мебель, интерьер и декор",Предмет интерьера,Принадлежности для нового года,Бусы на елку,543488,Новогодний декор
466,"Мебель, интерьер и декор",Предмет интерьера,Принадлежности для нового года,Символ года,989179,Новогодние фигурки и сувениры
467,Книги,Современная печатная книга,Современная печатная книга,Нехудожественная литература,,
468,Книги,Букинистическая книга,Букинистика,Букинистика,2417247,Электронные книги
469,Книги,Современная печатная книга,Современная печатная книга,Детская литература,987260,Детская художественная литература
470,Книги,Современная печатная книга,Современная печатная книга,Художественная литература,90829,Книги
471,Книги,Современная печатная книга,Современная печатная книга,Современная печатная книга,90829,Книги
472,Книги,Современная печатная книга,Современная печатная книга,Учебная литература,90829,Книги
473,Книги,Современные листовые издания,Современные листовые издания,Современные листовые издания,90975,Наука и образование
474,Книги,Иностранное издание,Иностранное издание,Иностранное издание,90829,Книги
475,Книги,Аудиокнига,Аудиокнига,Аудиокнига,91213,Детские фильмы
476,Книги,Современные картографические издания,Современные картографические издания,Современные картографические издания,,
477,Книги,Современная печатная книга,Современная печатная книга,Манга,90829,Книги
478,Книги,ПО на физических носителях,ПО на физических носителях,ПО на физических носителях,,
479,Книги,Современная печатная книга,Современная печатная книга,Комиксы,90829,Книги
480,Книги,Книга по требованию,Print-On-Demand,Print-On-Demand,,
481,Книги,Антикварное издание,Антикварное издание,Антикварное издание,90829,Книги
482,Книги,Second-hand книга,Second-hand книга,Second-hand книги,90829,Книги
483,"Парфюмерия, косметика",Косметика для ухода за кожей,Лицо,Маски и патчи для глаз,8476101,Для глаз
484,"Парфюмерия, косметика",Косметика для ухода за кожей,Лицо,Маска для лица,8476097,Маски
485,"Парфюмерия, косметика",Парфюмерия,Парфюмерия для женщин,Парфюмерная вода женская,15927546,Парфюмерия
486,"Парфюмерия, косметика",Парфюмерия,Парфюмерия для женщин,Туалетная вода женская,15927546,Парфюмерия
487,"Парфюмерия, косметика",Косметика для ухода за кожей,Лицо,Сыворотки и дополнительный уход для лица,8476099,Увлажнение и питание
488,"Парфюмерия, косметика",Декоративная косметика,Маникюр и педикюр,"Основа, база под лак",13238924,База и верхнее покрытие
489,"Парфюмерия, косметика",Декоративная косметика,Маникюр и педикюр,Средство для улучшения ногтей и кутикулы,14990252,Лечение и укрепление
490,"Парфюмерия, косметика",Косметика для ухода за кожей,Руки,Увлажняющее средство для рук,4852773,Уход за руками
491,"Парфюмерия, косметика",Декоративная косметика,"Глаза, ресницы, брови",Тушь для ресниц,4748062,Тушь
492,"Парфюмерия, косметика",Декоративная косметика,Маникюр и педикюр,Средство для быстрого высыхания лака,13238924,База и верхнее покрытие
493,"Парфюмерия, косметика",Косметика для ухода за кожей,Лицо,Средство увлажняющее для лица,8476099,Увлажнение и питание
494,"Парфюмерия, косметика",Косметика для ухода за кожей,Лицо,Бальзам для губ,8476102,Для губ
495,"Парфюмерия, косметика",Косметика для ухода за кожей,Лицо,Термальная вода,8476100,Тонизирование
496,"Парфюмерия, косметика",Косметика для ухода за кожей,Тело,Средство моделирующее для тела,8475961,Средства для похудения и борьбы с целлюлитом
497,"Парфюмерия, косметика",Декоративная косметика,Маникюр и педикюр,Аксессуары для маникюра,14989778,Инструменты для маникюра и педикюра
498,"Парфюмерия, косметика",Косметические аксессуары,Аксессуары для маникюра и педикюра,Маникюрная пилка,13239089,Пилки
499,"Парфюмерия, косметика",Косметические аксессуары,Аксессуары для маникюра и педикюра,Прочие аксессуары для маникюра и педикюра,14989778,Инструменты для маникюра и педикюра
500,"Парфюмерия, косметика",Декоративная косметика,Маникюр и педикюр,Карандаш для ногтей,8510396,Контур для губ
501,"Парфюмерия, косметика",Декоративная косметика,Маникюр и педикюр,Корректор для маникюра,8480754,Корректоры и консилеры
502,"Парфюмерия, косметика",Косметика для ухода за кожей,Ноги,Дезодорант для ног,91167,Дезодоранты
503,"Парфюмерия, косметика",Косметика для ухода за волосами,Уход за волосами для женщин,Жидкий шампунь для волос женский,91183,Шампуни
504,"Парфюмерия, косметика",Косметика для ухода за кожей,Ноги,Увлажняющее средство для ног,4852774,Уход за ногами
505,"Парфюмерия, косметика",Косметика для ухода за кожей,Лицо,Средство для снятия макияжа,8476098,Очищение и снятие макияжа
506,"Парфюмерия, косметика",Косметика для ухода за волосами,Окрашивание волос для женщин,Краска для волос женская,13239477,Краска
507,"Парфюмерия, косметика",Косметика для ухода за волосами,Окрашивание волос для женщин,Оттеночное средство для волос женское,4854062,Маски и сыворотки
508,"Парфюмерия, косметика",Косметика для ухода за волосами,Стайлинг для женщин,Гель для укладки женский,13240862,Гели и лосьоны
509,"Парфюмерия, косметика",Косметика для ухода за волосами,Уход за волосами для женщин,"Бальзам, кондиционер для волос женский",91184,Ополаскиватели
510,"Парфюмерия, косметика",Косметика для ухода за кожей,Лицо,Средство для умывания,8476098,Очищение и снятие макияжа
511,"Парфюмерия, косметика",Косметика для ухода за волосами,Стайлинг для женщин,Мусс для волос женский,13239527,Мусс и пенка
512,"Парфюмерия, косметика",Косметика для ухода за волосами,Стайлинг для женщин,Лак для волос женский,13239503,Лаки и спреи
513,"Парфюмерия, косметика",Косметические средства для детей и беременных,Детские косметические аксессуары,Набор маникюрных инструментов для детей,14989778,Инструменты для маникюра и педикюра
514,"Парфюмерия, косметика",Косметика для ухода за кожей,Средства для бритья и депиляции женские,Средство для бритья женское,8480722,Средства для бритья
515,"Парфюмерия, косметика",Косметические средства для детей и беременных,Детские косметические средства,Крем детский зимний,13491512,Уход за кожей
516,"Парфюмерия, косметика",Косметические средства для детей и беременных,Детские косметические средства,Бальзам для губ детский,8476102,Для губ
517,"Парфюмерия, косметика",Косметические средства для детей и беременных,Детские косметические средства,"Крем, гель детский",13491512,Уход за кожей
518,"Парфюмерия, косметика",Косметические средства для детей и беременных,Детские косметические средства,Масло для тела детское,8475955,Кремы и лосьоны
519,"Парфюмерия, косметика",Косметика для ухода за кожей,Тело,Средство увлажняющее для тела,8475955,Кремы и лосьоны
520,"Парфюмерия, косметика",Косметика для ухода за кожей,Лицо,"Лосьон, тоник для лица",8476100,Тонизирование
521,"Парфюмерия, косметика",Декоративная косметика,"Глаза, ресницы, брови",Накладные ресницы,13277089,Ресницы и клей
522,"Парфюмерия, косметика",Декоративная косметика,Маникюр и педикюр,Накладные ногти,14994972,"Накладные ногти, типсы, клей"
523,"Парфюмерия, косметика",Косметические средства для детей и беременных,Детские косметические средства,"Молочко, лосьон для тела детское",8475955,Кремы и лосьоны
524,"Парфюмерия, косметика",Косметические средства для детей и беременных,Косметические средства для беременных и кормящих,Средство для ухода за телом до и после родов,13462769,Уход за лицом и телом
525,"Парфюмерия, косметика",Косметические средства для детей и беременных,Косметические средства для беременных и кормящих,Средство от растяжек до и после родов,13462769,Уход за лицом и телом
526,"Парфюмерия, косметика",Косметические средства для детей и беременных,Косметические средства для беременных и кормящих,Средство для ухода за грудью до и после родов,13462769,Уход за лицом и телом
527,"Парфюмерия, косметика",Косметика для ухода за волосами,Уход за волосами для мужчин,Жидкий шампунь для волос мужской,91183,Шампуни
528,"Парфюмерия, косметика",Декоративная косметика,"Глаза, ресницы, брови",Карандаш для глаз,4748066,Контур для глаз
529,"Парфюмерия, косметика",Декоративная косметика,"Глаза, ресницы, брови",Подводка для глаз,4748066,Контур для глаз
530,"Парфюмерия, косметика",Декоративная косметика,"Глаза, ресницы, брови",Карандаш для бровей,13276918,Карандаши для бровей
531,"Парфюмерия, косметика",Декоративная косметика,Тон для лица,Основа под макияж,13276669,Основа и фиксаторы для макияжа
532,"Парфюмерия, косметика",Косметика для ухода за кожей,Лицо,Пилинг для лица,8476539,Скрабы и пилинги
533,"Парфюмерия, косметика",Косметика для ухода за кожей,Лицо,Скраб для лица,8476539,Скрабы и пилинги
534,"Парфюмерия, косметика",Косметика для ухода за волосами,Стайлинг для женщин,Жидкость для укладки женская,13239503,Лаки и спреи
535,"Парфюмерия, косметика",Декоративная косметика,Губы,Блеск для губ,4748057,Помада
536,"Парфюмерия, косметика",Косметика для ухода за волосами,Уход за волосами для женщин,"Лосьон, тоник для волос женский",8476100,Тонизирование
537,"Парфюмерия, косметика",Косметика для ухода за кожей,Лицо,Средство увлажняющее для глаз,8476101,Для глаз
538,"Парфюмерия, косметика",Косметика для ухода за кожей,Тело,Средство для шеи и декольте,8476099,Увлажнение и питание
539,"Парфюмерия, косметика",Косметика для ухода за кожей,Тело,Средство антицеллюлитное,8475961,Средства для похудения и борьбы с целлюлитом
540,"Парфюмерия, косметика",Декоративная косметика,Тон для лица,Пудра,4748072,Пудра
541,"Парфюмерия, косметика",Декоративная косметика,Тон для лица,Тональное средство,13276667,Тональные средства
542,"Парфюмерия, косметика",Косметика для ухода за волосами,Уход за волосами для женщин,Маска для волос женская,4854062,Маски и сыворотки
543,"Парфюмерия, косметика",Косметика для ухода за кожей,Тело,Средство для спа-процедур,6470214,Аксессуары
544,"Парфюмерия, косметика",Декоративная косметика,Губы,Помада для губ,4748057,Помада
545,"Парфюмерия, косметика",Косметика для ухода за волосами,Окрашивание волос для женщин,Окислитель для волос,13239479,Окислители
546,"Парфюмерия, косметика",Косметика для ухода за кожей,Ванно-банные принадлежности,Мочалки и губки для душа,16042844,Мочалки и щетки
547,"Парфюмерия, косметика",Косметика для ухода за волосами,Уход за волосами для женщин,Средство защищающее волосы от теплового воздействия,4854062,Маски и сыворотки
548,"Парфюмерия, косметика",Косметика для ухода за волосами,Уход за волосами для женщин,Дополнительный уход для волос и кожи головы,4854062,Маски и сыворотки
549,"Парфюмерия, косметика",Косметические аксессуары,Аксессуары для маникюра и педикюра,Набор маникюрных инструментов,14989778,Инструменты для маникюра и педикюра
550,"Парфюмерия, косметика",Косметика для ухода за кожей,Руки,Маска для рук,4852773,Уход за руками
551,"Парфюмерия, косметика",Косметика для ухода за кожей,Ноги,Маска для ног,4852774,Уход за ногами
552,"Парфюмерия, косметика",Косметическая техника,Приборы для косметических процедур,Увлажнитель для лица,8476100,Тонизирование
553,"Парфюмерия, косметика",Косметика для ухода за кожей,Средства для бритья и депиляции женские,Средство для депиляции женское,91180,Средства до и после депиляции
554,"Парфюмерия, косметика",Декоративная косметика,Тон для лица,Румяна,4748074,Румяна и бронзеры
555,"Парфюмерия, косметика",Декоративная косметика,Тон для лица,"Хайлайтер, иллюминатор",14996659,Хайлайтеры и скульптурирующие средства
556,"Парфюмерия, косметика",Косметика для ухода за волосами,Уход за волосами для женщин,Крем для волос женский,4854062,Маски и сыворотки
557,"Парфюмерия, косметика",Косметика для ухода за кожей,Тело,Соль для ванны,14994526,"Пена, соль, масло"
558,"Парфюмерия, косметика",Косметика для ухода за кожей,Тело,Пена для ванны,14994526,"Пена, соль, масло"
559,"Парфюмерия, косметика",Косметика для ухода за кожей,Тело,Масло для тела,8475955,Кремы и лосьоны
560,"Парфюмерия, косметика",Косметика для ухода за кожей,Тело,Пилинг для тела,14989707,Скрабы и пилинги
561,"Парфюмерия, косметика",Парфюмерия,Ароматерапия,Эфирное масло косметическое,818945,Эфирные масла
562,"Парфюмерия, косметика",Декоративная косметика,Маникюр и педикюр,Лак для ногтей,13238898,Гель-лак
563,"Парфюмерия, косметика",Декоративная косметика,"Глаза, ресницы, брови",Тени для век,4748064,Тени
564,"Парфюмерия, косметика",Косметика для ухода за кожей,Тело,Скраб для тела,14989707,Скрабы и пилинги
565,"Парфюмерия, косметика",Косметика для ухода за кожей,Ванно-банные принадлежности,Щетка для тела,16042844,Мочалки и щетки
566,"Парфюмерия, косметика",Косметические аксессуары,Аксессуары для маникюра и педикюра,Пемза,14989778,Инструменты для маникюра и педикюра
567,"Парфюмерия, косметика",Косметические аксессуары,Аксессуары для волос,"Расческа, щетка для волос",13243353,Расчески и щетки
568,"Парфюмерия, косметика",Декоративная косметика,"Глаза, ресницы, брови",Средство для ухода за ресницами и бровями,14995788,Тушь и гель для бровей
569,"Парфюмерия, косметика",Декоративная косметика,Маникюр и педикюр,Средство для снятия лака,8478954,Для снятия лака
570,"Парфюмерия, косметика",Косметика для ухода за волосами,Уход за волосами для женщин,Масло для волос женское,4854062,Маски и сыворотки
571,"Парфюмерия, косметика",Косметические средства для детей и беременных,Детские косметические средства,Средство солнцезащитное детское,14993676,Средства для загара и защиты от солнца
572,"Парфюмерия, косметика",Декоративная косметика,Губы,Карандаш для губ,8510396,Контур для губ
573,"Парфюмерия, косметика",Декоративная косметика,Тон для лица,"Корректор, консилер",8480754,Корректоры и консилеры
574,"Парфюмерия, косметика",Косметические аксессуары,Аксессуары для макияжа,Спонж,13277088,"Кисти, спонжи и аппликаторы"
575,"Парфюмерия, косметика",Косметические аксессуары,Аксессуары для макияжа,Прочие аксессуары для макияжа,13277088,"Кисти, спонжи и аппликаторы"
576,"Парфюмерия, косметика",Косметические аксессуары,Аксессуары для макияжа,Точилка для косметического карандаша,13858708,Точилки
577,"Парфюмерия, косметика",Декоративная косметика,"Глаза, ресницы, брови",Тени для бровей,4748064,Тени
578,"Парфюмерия, косметика",Косметика для ухода за волосами,Набор для волос женский,Косметический набор для волос женский,8480738,Наборы
579,"Парфюмерия, косметика",Косметика для ухода за кожей,Ванно-банные принадлежности,Шапочка для душа,6527202,Аксессуары для плавания
580,"Парфюмерия, косметика",Косметика для ухода за волосами,Стайлинг для женщин,Пудра для волос женская,4748072,Пудра
581,"Парфюмерия, косметика",Косметическая техника,Приборы для косметических процедур,Гидромассажная ванночка,6203658,Гидромассажеры
582,"Парфюмерия, косметика",Косметические аксессуары,Аксессуары для макияжа,"Пинцет, щипцы для ресниц, бровей",13277094,Пинцеты косметические
583,"Парфюмерия, косметика",Косметические аксессуары,Аксессуары для маникюра и педикюра,"Терка, скребок для ног",14989778,Инструменты для маникюра и педикюра
584,"Парфюмерия, косметика",Косметические аксессуары,Аксессуары для макияжа,Зеркало косметическое,13277104,Зеркала косметические
585,"Парфюмерия, косметика",Косметическая техника,Приборы для косметических процедур,Маникюрный набор электрический,14989778,Инструменты для маникюра и педикюра
586,"Парфюмерия, косметика",Косметическая техника,Приборы для косметических процедур,Триммер косметический,278373,Машинки для стрижки и триммеры
587,"Парфюмерия, косметика",Косметика для ухода за кожей,Загар,Автозагар,13314823,Автозагар и средства для солярия
588,"Парфюмерия, косметика",Косметика для ухода за кожей,Загар,Средство для загара,13314823,Автозагар и средства для солярия
589,"Парфюмерия, косметика",Косметика для ухода за кожей,Загар,Солнцезащитное средство,14993676,Средства для загара и защиты от солнца
590,"Парфюмерия, косметика",Декоративная косметика,"Глаза, ресницы, брови",Тушь для бровей,4748062,Тушь
591,"Парфюмерия, косметика",Косметика для ухода за кожей,Загар,Средство после загара,13314841,После загара
592,"Парфюмерия, косметика",Декоративная косметика,Маникюр и педикюр,Средство для удаления кутикулы,15350596,Удаление кутикулы
593,"Парфюмерия, косметика",Косметическая техника,Приборы для косметических процедур,Прибор для очищения кожи,13203592,Приборы для ухода за лицом
594,"Парфюмерия, косметика",Косметические средства для детей и беременных,Детские косметические аксессуары,"Расческа, щетка, гребень детские",13243353,Расчески и щетки
595,"Парфюмерия, косметика",Косметические аксессуары,Аксессуары для макияжа,Кисти и аппликаторы,13277088,"Кисти, спонжи и аппликаторы"
596,"Парфюмерия, косметика",Косметика для ухода за кожей,Тело,"Спрей, вода для тела",8475955,Кремы и лосьоны
597,"Парфюмерия, косметика",Парфюмерия,Парфюмерия для женщин,Духи женские,15927546,Парфюмерия
598,"Парфюмерия, косметика",Косметическая техника,Приборы для косметических процедур,Паровая сауна,6137834,Парогенераторы
599,"Парфюмерия, косметика",Косметические аксессуары,Аксессуары для волос,Бигуди,13244155,Бигуди
600,"Парфюмерия, косметика",Косметическая техника,Приборы для косметических процедур,Эпилятор,91161,Эпиляторы и женские электробритвы
601,"Парфюмерия, косметика",Косметика для ухода за кожей,Средства для бритья и депиляции женские,Средство после бритья женское,8480722,Средства для бритья
602,"Парфюмерия, косметика",Косметика для ухода за волосами,Уход за волосами для мужчин,Крем для волос мужской,13239550,Воск и паста
603,"Парфюмерия, косметика",Косметические аксессуары,Косметические аксессуары,Прочие косметические аксессуары,13277088,"Кисти, спонжи и аппликаторы"
604,"Парфюмерия, косметика",Косметическая техника,Приборы для косметических процедур,Косметологический аппарат,16752881,Оборудование для аппаратной косметологии и массажа
605,"Парфюмерия, косметика",Декоративная косметика,Маникюр и педикюр,"Защитный лак, верхнее покрытие",13238924,База и верхнее покрытие
606,"Парфюмерия, косметика",Декоративная косметика,Маникюр и педикюр,Гель-лак,13238898,Гель-лак
607,"Парфюмерия, косметика",Косметика для ухода за кожей,Тело,Средство массажное,8475961,Средства для похудения и борьбы с целлюлитом
608,"Парфюмерия, косметика",Косметические аксессуары,Аксессуары для маникюра и педикюра,Насадки для аппаратного маникюра,13239041,Аппараты для маникюра и педикюра
609,"Парфюмерия, косметика",Косметика для ухода за волосами,Уход за волосами для мужчин,"Бальзам, кондиционер для волос мужской",91184,Ополаскиватели
610,"Парфюмерия, косметика",Косметика для ухода за волосами,Уход за волосами для женщин,Вода для расчесывания,"4854062,989024","Маски и сыворотки,Средства для купания"
611,"Парфюмерия, косметика",Косметика для ухода за кожей,Ноги,Скраб для ног,14989707,Скрабы и пилинги
612,"Парфюмерия, косметика",Декоративная косметика,Маникюр и педикюр,Клей для ногтей,14994972,"Накладные ногти, типсы, клей"
613,"Парфюмерия, косметика",Косметика для ухода за кожей,Ноги,Средство для ножных ванночек,4852774,Уход за ногами
614,"Парфюмерия, косметика",Косметика для ухода за волосами,Стайлинг для женщин,Блеск для волос женский,13239503,Лаки и спреи
615,"Парфюмерия, косметика",Косметика для ухода за волосами,Стайлинг для женщин,Воск для укладки женский,13239550,Воск и паста
616,"Парфюмерия, косметика",Декоративная косметика,"Глаза, ресницы, брови",Средство для окрашивания бровей и ресниц,13276920,Краска для бровей и ресниц
617,"Парфюмерия, косметика",Косметика для ухода за кожей,Лицо,Крем для губ,8476102,Для губ
618,"Парфюмерия, косметика",Косметика для ухода за волосами,Стайлинг для женщин,Паста для волос женская,13239550,Воск и паста
619,"Парфюмерия, косметика",Декоративная косметика,Тон для лица,Бронзер,4748074,Румяна и бронзеры
620,"Парфюмерия, косметика",Косметические аксессуары,Аксессуары для маникюра и педикюра,Маникюрные ножницы,14989778,Инструменты для маникюра и педикюра
621,"Парфюмерия, косметика",Косметические аксессуары,Аксессуары для маникюра и педикюра,Маникюрные щипцы,14989778,Инструменты для маникюра и педикюра
622,"Парфюмерия, косметика",Косметика для ухода за волосами,Окрашивание волос для женщин,Осветлитель для волос,13239479,Окислители
623,"Парфюмерия, косметика",Косметика для ухода за кожей,Руки,Скраб для рук,14989707,Скрабы и пилинги
624,"Парфюмерия, косметика",Косметика для ухода за волосами,Стайлинг для женщин,Кератин для волос,4854062,Маски и сыворотки
625,"Парфюмерия, косметика",Косметические аксессуары,Аксессуары для макияжа,Тату переводное,7774311,Грим
626,"Парфюмерия, косметика",Декоративная косметика,Маникюр и педикюр,Разбавитель лака для ногтей,14995020,Жидкости
627,"Парфюмерия, косметика",Косметика для ухода за кожей,Лицо,Салфетки матирующие,4748072,Пудра
628,"Парфюмерия, косметика",Декоративная косметика,Тон для лица,Фиксатор макияжа,13276669,Основа и фиксаторы для макияжа
629,"Парфюмерия, косметика",Косметические аксессуары,Аксессуары для солярия,Аксессуары для солярия,13314823,Автозагар и средства для солярия
630,"Парфюмерия, косметика",Косметическая техника,Приборы для косметических процедур,Фотоэпилятор,91161,Эпиляторы и женские электробритвы
631,"Парфюмерия, косметика",Косметика для ухода за кожей,Лицо,Скраб для губ,8476539,Скрабы и пилинги
632,"Парфюмерия, косметика",Косметика для ухода за волосами,Окрашивание волос для женщин,Химическая завивка,15001132,Для химической завивки
633,"Парфюмерия, косметика",Косметическая техника,Приборы для косметических процедур,Насадки для дарсонваля,1001393,Приборы для ухода за телом
634,"Парфюмерия, косметика",Косметические аксессуары,Аксессуары для волос,Парики и пряди,15453780,Парики и шиньоны
635,"Парфюмерия, косметика",Косметика для ухода за волосами,Окрашивание волос для мужчин,Краска и оттеночное средство для волос мужские,14993540,Оттеночные и камуфлирующие средства
636,"Парфюмерия, косметика",Косметические средства для детей и беременных,Детские косметические средства,Средство после загара детское,13314841,После загара
637,"Парфюмерия, косметика",Косметическая техника,Приборы для косметических процедур,Электрозавивка для ресниц,15000738,Зажимы и расчески для ресниц
638,"Парфюмерия, косметика",Косметическая техника,Приборы для косметических процедур,Разогреватель воска,15019493,Воскоплавы и парафиновые ванны
639,"Парфюмерия, косметика",Косметическая техника,Оборудование для салона красоты,Стерилизация и дезинфекция для салона красоты,16724218,Стерилизация для салонов красоты
640,"Парфюмерия, косметика",Парфюмерия,Парфюмерия для женщин,Одеколон женский,15927546,Парфюмерия
641,"Парфюмерия, косметика",Косметические средства для детей и беременных,Детские косметические средства,Набор детской косметики для ухода,8480736,Косметика и духи
642,"Парфюмерия, косметика",Косметическая техника,Приборы для косметических процедур,Лампа для маникюра,13239135,Лампы для сушки
643,"Парфюмерия, косметика",Косметика для ухода за кожей,Лицо,Сыворотки и дополнительный уход для глаз,8476101,Для глаз
644,"Парфюмерия, косметика",Косметика для ухода за волосами,Набор для волос мужской,Косметический набор для волос мужской,8480738,Наборы
645,"Парфюмерия, косметика",Косметические аксессуары,Аксессуары для макияжа,Сумка косметолога/визажиста,7812212,Косметички и бьюти-кейсы
646,"Парфюмерия, косметика",Косметика для ухода за кожей,Средства для бритья и депиляции женские,Средство после депиляции женское,91180,Средства до и после депиляции
647,"Парфюмерия, косметика",Парфюмерия,Парфюмерия для женщин,Парфюмерный набор женский,15927546,Парфюмерия
648,"Парфюмерия, косметика",Косметическая техника,Приборы для косметических процедур,Термобигуди,13244155,Бигуди
649,"Парфюмерия, косметика",Косметика для ухода за волосами,Стайлинг для женщин,Глина для укладки женская,13625828,Глина
650,"Парфюмерия, косметика",Косметика для ухода за волосами,Уход за волосами для мужчин,"Лосьон, тоник для волос мужской",8476100,Тонизирование
651,"Парфюмерия, косметика",Декоративная косметика,Маникюр и педикюр,Дезинфицирующее средство,90518,Дезинфицирующие средства
652,"Парфюмерия, косметика",Косметика для ухода за волосами,Окрашивание волос для женщин,Тушь для волос,4748062,Тушь
653,"Парфюмерия, косметика",Косметика для ухода за кожей,Загар,Средство для загара в солярии,13314823,Автозагар и средства для солярия
654,"Парфюмерия, косметика",Косметическая техника,Оборудование для салона красоты,Прочее оборудование для салонов красоты,16724149,Мебель для салонов красоты
655,"Парфюмерия, косметика",Косметика для ухода за волосами,Уход за волосами для мужчин,Масло для волос мужское,4854062,Маски и сыворотки
656,"Парфюмерия, косметика",Косметика для ухода за кожей,Загар,Средство от солнечных ожогов,13314841,После загара
657,"Парфюмерия, косметика",Косметические средства для детей и беременных,Детская декоративная косметика,Помада для губ детская,4748057,Помада
658,"Парфюмерия, косметика",Парфюмерия,Парфюмерия для женщин,Атомайзер,15927546,Парфюмерия
659,"Парфюмерия, косметика",Косметика для ухода за кожей,Средства для бритья и депиляции женские,Набор средств для депиляции женский,13314796,Восковая эпиляция
660,"Парфюмерия, косметика",Косметическая техника,Приборы для косметических процедур,Насадки для эпилятора,8278683,Аксессуары для электробритв и эпиляторов
661,"Парфюмерия, косметика",Косметическая техника,Оборудование для салона красоты,Маникюрный стол,16724149,Мебель для салонов красоты
662,"Парфюмерия, косметика",Косметическая техника,Оборудование для салона красоты,"Массажный стол, кресло",1009491,Массажные столы и стулья
663,"Парфюмерия, косметика",Косметика для ухода за волосами,Уход за волосами для мужчин,Маска для волос мужская,4854062,Маски и сыворотки
664,"Парфюмерия, косметика",Косметические средства для детей и беременных,Детская декоративная косметика,Тушь для ресниц детская,4748062,Тушь
665,"Парфюмерия, косметика",Косметические аксессуары,Парикмахерские принадлежности,"Сумки, чехлы для парикмахерских инструментов",13559277,Принадлежности для салонов красоты
666,"Детские товары, игрушки","Игрушки, игры, развивающие игры",Настольная игра,Развлекательная настольная игра,10682647,Настольные игры
667,"Детские товары, игрушки","Игрушки, игры, развивающие игры",Настольная игра,Аксессуары для настольных игр,10682647,Настольные игры
668,"Детские товары, игрушки","Игрушки, игры, развивающие игры",Настольная игра,Игра - ходилка,10682647,Настольные игры
669,"Детские товары, игрушки","Игрушки, игры, развивающие игры",Настольная игра,"Карточные игры, кубики игральные детские",13887834,Карточные игры
670,"Детские товары, игрушки","Игрушки, игры, развивающие игры",Настольная игра,"Домино, МаДжонг",10682647,Настольные игры
671,"Детские товары, игрушки","Игрушки, игры, развивающие игры",Настольная игра,"Шахматы, шашки, нарды детские",13887809,"Шахматы, шашки, нарды"
672,"Детские товары, игрушки","Игрушки, игры, развивающие игры",Настольная игра,"Лото русское, бинго",13887899,Домино и лото
673,"Детские товары, игрушки","Игрушки, игры, развивающие игры",Настольная игра,"Настольный футбол, хоккей для детей",13491603,"Настольный футбол, хоккей, бильярд"
674,"Детские товары, игрушки","Игрушки, игры, развивающие игры",Настольная игра,Викторина,10682647,Настольные игры
675,"Детские товары, игрушки","Игрушки, игры, развивающие игры",Настольная игра,Гадание и аксессуары,14312405,Гадания и предсказания
676,Электроника и электротовары,Портативная аудиотехника,Портативная акустика,Наушники,90555,Наушники и Bluetooth-гарнитуры
677,Электроника и электротовары,Аксессуары для электроники,Электропитание,Типовая батарейка,90626,Батарейки и аккумуляторы
678,Электроника и электротовары,Аксессуары для электроники,Аксессуар к фото и видео,Объектив,90613,Объективы
679,Электроника и электротовары,Бытовая техника,Электронные товары для красоты и здоровья,Машинка для стрижки,278373,Машинки для стрижки и триммеры
680,Электроника и электротовары,Бытовая техника,Климатическая техника,Погодная станция,477439,Цифровые метеостанции
681,Электроника и электротовары,Бытовая техника,Электронные товары для красоты и здоровья,Фен-щетка,16336734,Фены и фен-щётки
682,Электроника и электротовары,Бытовая техника,Электронные товары для красоты и здоровья,Фен,16336734,Фены и фен-щётки
683,Электроника и электротовары,Бытовая техника,Электронные товары для красоты и здоровья,Бритва электрическая,90570,Электробритвы мужские
684,Электроника и электротовары,Аксессуары для электроники,Аксессуар к фото и видео,Бленда для фото,91153,Насадки и крышки на объективы
685,Электроника и электротовары,Домашняя Аудио и Видеотехника,Акустическая система,Микрофон,90551,Микрофоны
686,Электроника и электротовары,Компьютеры и периферия,Периферийное оборудование,Компьютерная акустическая система,90548,Акустические системы
687,Электроника и электротовары,Бытовая техника,Электронные товары для красоты и здоровья,Триммер электрический,15646187,Триммеры
688,Электроника и электротовары,Бытовая техника,Электронные товары для красоты и здоровья,Щипцы для волос электрические,16336768,"Щипцы, плойки и выпрямители"
689,Электроника и электротовары,Бытовая техника,Электронные товары для красоты и здоровья,Электрическая зубная щетка,278374,Электрические зубные щетки
690,Электроника и электротовары,Бытовая техника,Климатическая техника,Увлажнитель воздуха,734595,Очистители и увлажнители воздуха
691,Электроника и электротовары,Компьютеры и периферия,Периферийное оборудование,Наушники компьютерные,6368403,Компьютерные гарнитуры
692,Электроника и электротовары,Аксессуары для электроники,Электропитание,Аккумуляторы,90436,Аккумуляторные батареи
693,Электроника и электротовары,Компьютеры и периферия,Периферийное оборудование,Веб-камера,4684840,Веб-камеры
694,Электроника и электротовары,Бытовая техника,Электронные товары для красоты и здоровья,Стайлер,16336768,"Щипцы, плойки и выпрямители"
695,Электроника и электротовары,Бытовая техника,Электронные товары для красоты и здоровья,Выпрямитель для волос,16336768,"Щипцы, плойки и выпрямители"
696,Электроника и электротовары,Бытовая техника,Климатическая техника,Вентилятор,15724921,Вентиляторы вытяжные
697,Электроника и электротовары,Аксессуары для электроники,Электропитание,Зарядное устройство сетевое,91503,Зарядные устройства и адаптеры
698,Электроника и электротовары,Аксессуары для электроники,Электропитание,Сетевой удлинитель,15618862,Удлинители и сетевые фильтры
699,Электроника и электротовары,Аксессуары для электроники,Аксессуар к фото и видео,Чехол для фото,90616,"Сумки, чехлы для фото- и видеотехники"
700,Электроника и электротовары,Аксессуары для электроники,Аксессуар к фото и видео,Фотосумка,90616,"Сумки, чехлы для фото- и видеотехники"
701,Электроника и электротовары,Компьютеры и периферия,Периферийное оборудование,Сканер,91112,Сканеры
702,Электроника и электротовары,Бытовая техника,Электронные товары для красоты и здоровья,Весы напольные электронные,90567,Напольные весы
703,Электроника и электротовары,Бытовая техника,Климатическая техника,Тепловентилятор,15003480,Тепловые пушки
704,Электроника и электротовары,Аксессуары для электроники,Аксессуар к TV и аудио технике,"Кронштейн, подставка для TV и аудиотехники",90629,Кронштейны и стойки
705,Электроника и электротовары,Аксессуары для электроники,Аксессуар к TV и аудио технике,TV антенна,10510546,Антенны
706,Электроника и электротовары,Аксессуары для электроники,Аксессуар к TV и аудио технике,Универсальный пульт для электроники,90627,Пульты ДУ
707,Электроника и электротовары,Бытовая техника,Климатическая техника,"Воздухоочиститель, мойка воздуха",734595,Очистители и увлажнители воздуха
708,Электроника и электротовары,Бытовая техника,Климатическая техника,Обогреватель,90577,Обогреватели
709,Электроника и электротовары,Аксессуары для электроники,Аксессуар к фото и видео,Штатив,90619,Штативы и моноподы
710,Электроника и электротовары,Портативная аудиотехника,Портативная акустика,Портативная акустическая система,2724669,Портативная акустика
711,Электроника и электротовары,Компьютеры и периферия,Периферийное оборудование,Источник бесперебойного питания,91082,Источники бесперебойного питания
712,Электроника и электротовары,Аксессуары для электроники,Электропитание,Зарядное устройство автомобильное,91503,Зарядные устройства и адаптеры
713,Электроника и электротовары,Аксессуары для электроники,Аксессуар к фото и видео,Фотопленка,90618,Фотоматериалы и химикаты
714,Электроника и электротовары,Аксессуары для электроники,Аксессуар к фото и видео,Аккумулятор для фото-видео,91156,Аккумуляторы и зарядные устройства
715,Электроника и электротовары,Аксессуары для электроники,Аксессуар к фото и видео,Пульт для фото,90627,Пульты ДУ
716,Электроника и электротовары,Компьютеры и периферия,Периферийное оборудование,Графический планшет,91113,Графические планшеты
717,Электроника и электротовары,Компьютеры и периферия,Периферийное оборудование,Внешний привод ODD,91035,Оптические приводы
718,Электроника и электротовары,Компьютеры и периферия,Периферийное оборудование,Монитор,91052,Мониторы
719,Электроника и электротовары,Компьютеры и периферия,Компьютерные комплектующие,SSD диск,16309373,Внутренние твердотельные накопители (SSD)
720,Электроника и электротовары,Компьютеры и периферия,Периферийное оборудование,Принтер,138608,Принтеры и МФУ
721,Электроника и электротовары,Домашняя Аудио и Видеотехника,Акустическая система,Домашний кинотеатр,90636,Домашние кинотеатры
722,Электроника и электротовары,Домашняя Аудио и Видеотехника,Музыкальные инструменты,Синтезатор,91248,Синтезаторы и MIDI-клавиатуры
723,Электроника и электротовары,Домашняя Аудио и Видеотехника,Музыкальные инструменты,Электрогитара,91244,Электрогитары и бас-гитары
724,Электроника и электротовары,Домашняя Аудио и Видеотехника,Музыкальные инструменты,Аксессуар для музыкального инструмента,91249,Аксессуары
725,Электроника и электротовары,Аксессуары для электроники,Аксессуар к фото и видео,Крепление для фото/видео устройств,278370,Аксессуары для экшн-камер
726,Электроника и электротовары,Аксессуары для электроники,Электропитание,Зарядное устройство для аккумуляторов,6856242,Зарядные устройства для аккумуляторов
727,Электроника и электротовары,Аксессуары для электроники,Электропитание,Внешний аккумулятор,8353924,Универсальные внешние аккумуляторы
728,Электроника и электротовары,Бытовая техника,Климатическая техника,Водонагреватель,90575,Водонагреватели
729,Электроника и электротовары,Домашняя Аудио и Видеотехника,Музыкальные инструменты,Студийная звуковая карта PRO,91027,Звуковые карты
730,Электроника и электротовары,Компьютеры и периферия,Периферийное оборудование,Пластик для 3D печати,15293531,Расходные материалы для 3D печати
731,Электроника и электротовары,Компьютеры и периферия,Периферийное оборудование,МФУ,138608,Принтеры и МФУ
732,Электроника и электротовары,Компьютеры и периферия,Компьютерные комплектующие,Модуль памяти,191211,Модули памяти
733,Электроника и электротовары,Аксессуары для электроники,Аксессуар к фото и видео,"Чистящий карандаш для оптики, мониторов",91078,Чистящие принадлежности
734,Электроника и электротовары,Аксессуары для электроники,Электропитание,Батареи для ИБП,91082,Источники бесперебойного питания
735,Электроника и электротовары,Компьютеры и периферия,Компьютерные комплектующие,Звуковая карта для ПК,91027,Звуковые карты
736,Электроника и электротовары,Аксессуары для электроники,Аксессуар к TV и аудио технике,"Сумка, кейс для CD",91076,Сумки и рюкзаки
737,Электроника и электротовары,Компьютеры и периферия,Компьютерные комплектующие,Корпус для HDD,6374360,Корпуса и док-станции для жестких дисков
738,Электроника и электротовары,Домашняя Аудио и Видеотехника,Акустическая система,Сабвуфер,308016,Автоакустика
739,Электроника и электротовары,Компьютеры и периферия,Компьютерные комплектующие,Видеокарта,91031,Видеокарты
740,Электроника и электротовары,Компьютеры и периферия,Компьютерные комплектующие,Жесткий диск,91033,Внутренние жесткие диски
741,Электроника и электротовары,Аксессуары для электроники,Аксессуар к фото и видео,Сумка для цифровой аппаратуры,90616,"Сумки, чехлы для фото- и видеотехники"
742,Электроника и электротовары,Аксессуары для электроники,Аксессуар к фото и видео,Фоторюкзак,90616,"Сумки, чехлы для фото- и видеотехники"
743,Электроника и электротовары,Аксессуары для электроники,Аксессуар к фото и видео,Фотовспышка,1009492,Аксессуары для фотовспышек
744,Электроника и электротовары,Компьютеры и периферия,Компьютерные комплектующие,Материнская плата,91020,Материнские платы
745,Электроника и электротовары,Аксессуары для электроники,Аксессуар к фото и видео,Светофильтр,994004,Светофильтры
746,Электроника и электротовары,Компьютеры и периферия,Периферийное оборудование,Микрофон компьютерный,90551,Микрофоны
747,Электроника и электротовары,Аксессуары для электроники,Электропитание,Аккумулятор для мобильного телефона,91499,Аккумуляторы
748,Электроника и электротовары,Компьютеры и периферия,Компьютерные комплектующие,Компьютерный корпус,91028,Корпуса
749,Электроника и электротовары,Компьютеры и периферия,Компьютерные комплектующие,Система охлаждения,818965,Кулеры и системы охлаждения
750,Электроника и электротовары,Компьютеры и периферия,Компьютерные комплектующие,Блок питания,857707,Блоки питания
751,Электроника и электротовары,Домашняя Аудио и Видеотехника,Музыкальные инструменты,Студийная акустика,90548,Акустические системы
752,Электроника и электротовары,Домашняя Аудио и Видеотехника,Музыкальные инструменты,Духовые музыкальные инструменты,16674811,Этнические духовые инструменты
753,Электроника и электротовары,Компьютеры и периферия,Компьютерные комплектующие,Процессор,91019,Процессоры (CPU)
754,Электроника и электротовары,Компьютеры и периферия,Периферийное оборудование,3D принтер,9283442,3D-принтеры
755,Электроника и электротовары,Домашняя Аудио и Видеотехника,Музыкальные инструменты,Электро/электронный музыкальный инструмент,10682670,Детские музыкальные инструменты
756,Электроника и электротовары,Компьютеры и периферия,Периферийное оборудование,3D ручка,16611586,3D-ручки
757,Электроника и электротовары,Бытовая техника,Электронные товары для красоты и здоровья,Электробигуди,90573,Электробигуди
758,Электроника и электротовары,Домашняя Аудио и Видеотехника,Музыкальные инструменты,Струнные музыкальные инструменты,10682670,Детские музыкальные инструменты
759,Электроника и электротовары,Домашняя Аудио и Видеотехника,Музыкальные инструменты,Ударные музыкальные инструменты,10682670,Детские музыкальные инструменты
760,Электроника и электротовары,Аксессуары для электроники,Аксессуар к фото и видео,Фото-штативная голова,8442711,Аксессуары для штативов и моноподов
761,Электроника и электротовары,Домашняя Аудио и Видеотехника,Музыкальные инструменты,Клавишные инструменты,91248,Синтезаторы и MIDI-клавиатуры
762,Электроника и электротовары,Домашняя Аудио и Видеотехника,Акустическая система,Саундбар,542020,Комплекты акустики
763,Электроника и электротовары,Аксессуары для электроники,Аксессуар к фото и видео,Держатель для светофильтра,17677674,Стойки и крепежи
764,Электроника и электротовары,Компьютеры и периферия,Компьютерные комплектующие,Карта видеозахвата,17444162,Видеозахват
765,Электроника и электротовары,Аксессуары для электроники,Аксессуар к фото и видео,Батарейный блок для фото,91156,Аккумуляторы и зарядные устройства
766,Электроника и электротовары,Аксессуары для электроники,Аксессуар к фото и видео,Студийный свет для фото,17677661,Осветительное оборудование
767,Электроника и электротовары,Домашняя Аудио и Видеотехника,Акустическая система,Акустическая система с док-станцией,2724669,Портативная акустика
768,Электроника и электротовары,Домашняя Аудио и Видеотехника,Музыкальные инструменты,Гитарный усилитель,10484476,Гитарное усиление
769,Электроника и электротовары,Аксессуары для электроники,Аксессуар к фото и видео,Ремень для фото,7812175,Ремни и пояса
770,Электроника и электротовары,Бытовая техника,Климатическая техника,Мобильный кондиционер,90578,Кондиционеры
771,Электроника и электротовары,Аксессуары для электроники,Аксессуар к фото и видео,Рассеиватель для фото/видео,1009492,Аксессуары для фотовспышек
772,Электроника и электротовары,Аксессуары для электроники,Аксессуар к TV и аудио технике,Чехол для портативной акустики,17438933,Аксессуары для гитар
773,Электроника и электротовары,Аксессуары для электроники,Аксессуар к фото и видео,Подсветка для фото/видео,4951525,Интерьерная подсветка
774,Электроника и электротовары,Домашняя Аудио и Видеотехника,Музыкальные инструменты,"DJ-пульт, проигрыватель",5048602,Микшерные пульты
775,Электроника и электротовары,Компьютеры и периферия,Компьютерные комплектующие,Внешняя звуковая карта,91027,Звуковые карты
776,Электроника и электротовары,Бытовая техника,Климатическая техника,Стационарный кондиционер,90578,Кондиционеры
777,Электроника и электротовары,Аксессуары для электроники,Аксессуар к TV и аудио технике,Экран для проектора,191213,Экраны
778,Электроника и электротовары,Компьютеры и периферия,Периферийное оборудование,Копировальный аппарат,138608,Принтеры и МФУ
779,Электроника и электротовары,Портативная аудиотехника,Портативная акустика,Беспроводные наушники,90555,Наушники и Bluetooth-гарнитуры
780,Электроника и электротовары,Компьютеры и периферия,Периферийное оборудование,Графический планшет-монитор,91113,Графические планшеты
781,Электроника и электротовары,Аксессуары для электроники,Аксессуар к фото и видео,Аквабокс,278370,Аксессуары для экшн-камер
782,Электроника и электротовары,Аксессуары для электроники,Электропитание,Преобразователь напряжения,13373756,Автомобильные инверторы
783,Электроника и электротовары,Аксессуары для электроники,Аксессуар к фото и видео,Фон для фото/видео,17677706,Фоны
784,Электроника и электротовары,Компьютеры и периферия,Периферийное оборудование,TV тюнер,91105,TV-тюнеры
785,Электроника и электротовары,Аксессуары для электроники,Аксессуар к фото и видео,Крышка для объектива,91153,Насадки и крышки на объективы
786,Электроника и электротовары,Бытовая техника,Климатическая техника,Охладитель воздуха,14454382,Канальные нагреватели и охладители
787,Электроника и электротовары,Компьютеры и периферия,Компьютерные комплектующие,Микрокомпьютер,7076558,Радиодетали и электронные компоненты
788,Электроника и электротовары,Бытовая техника,Климатическая техника,Вытяжной вентилятор,15724921,Вентиляторы вытяжные
789,Электроника и электротовары,Домашняя Аудио и Видеотехника,Музыкальные инструменты,Спецэффект для электрогитары,10484476,Гитарное усиление
790,Электроника и электротовары,Аксессуары для электроники,Аксессуар к фото и видео,Кейс для фото,90616,"Сумки, чехлы для фото- и видеотехники"
791,Электроника и электротовары,Аксессуары для электроники,Аксессуар к фото и видео,Фотоадаптер кольцо,984940,Адаптеры и переходные кольца
792,Электроника и электротовары,Аксессуары для электроники,Аксессуар к TV и аудио технике,3D очки для телевизора,10972670,Очки виртуальной реальности
793,Электроника и электротовары,Аксессуары для электроники,Аксессуар к фото и видео,Кнопка спуска затвора для фото,984941,Дистанционное управление
794,Электроника и электротовары,Аксессуары для электроники,Аксессуар к фото и видео,Фото отражатель,17677695,Отражатели и рассеиватели
795,Электроника и электротовары,Компьютеры и периферия,Периферийное оборудование,Устройство аудиомонтажа,,
796,Электроника и электротовары,Компьютеры и периферия,Периферийное оборудование,Принтер для наклеек,930336,"Принтеры чеков, этикеток, штрих-кода"
